{
  "type": "FeatureCollection",
  "name": "europe_1492",
  "crs": {
    "type": "name",
    "properties": {
      "name": "urn:ogc:def:crs:OGC:1.3:CRS84"
    }
  },
  "features": [
    {
      "type": "Feature",
      "properties": {
        "NAME": "Denmark-Norway",
        "ABBREVN": "DenmarkNorwa",
        "SUBJECTO": "Denmark-Norway",
        "BORDERPRECISION": 1,
        "PARTOF": "Denmark-Norway"
      },
      "geometry": {
        "type": "MultiPolygon",
        "coordinates": [
          [
            [
              [
                11.178854975310546,
                59.070289216951174
              ],
              [
                11.112050089446289,
                59.16510733218555
              ],
              [
                10.829190287200195,
                59.1058421954668
              ],
              [
                10.768937143889648,
                59.11769064517383
              ],
              [
                10.656806025115234,
                59.22439535708789
              ],
              [
                10.549271616545898,
                59.37863119693164
              ],
              [
                10.633557352629882,
                59.44985159488086
              ],
              [
                10.569742235747558,
                59.58050497622852
              ],
              [
                10.407057795134765,
                59.49734839053516
              ],
              [
                10.378625902739746,
                59.36674841494922
              ],
              [
                10.429588350859863,
                59.25997122378711
              ],
              [
                10.363341364470703,
                59.212535463289065
              ],
              [
                10.211065325347167,
                59.070289216951174
              ],
              [
                10.172335657683593,
                58.98736532779102
              ],
              [
                9.937624010649902,
                58.94000204654102
              ],
              [
                9.697579416838867,
                58.999217592195315
              ],
              [
                9.346200022307617,
                58.84530981631641
              ],
              [
                9.371620211211425,
                58.78614767642383
              ],
              [
                9.145894083586914,
                58.65606649966602
              ],
              [
                8.921734842864257,
                58.53789099307422
              ],
              [
                8.175240549651367,
                58.17204626651172
              ],
              [
                8.153747591582519,
                58.08954580874805
              ],
              [
                8.03019622286914,
                58.06597860904102
              ],
              [
                7.90843108615039,
                58.06597860904102
              ],
              [
                6.958641085234863,
                57.97173651309375
              ],
              [
                6.874181303588134,
                58.0777545795
              ],
              [
                6.725660833922607,
                58.13668783755664
              ],
              [
                6.64365533312915,
                58.04241140933399
              ],
              [
                6.479116472808105,
                58.08954580874805
              ],
              [
                6.651709589568359,
                58.17204626651172
              ],
              [
                6.231332335082275,
                58.27817877383594
              ],
              [
                5.873840365020019,
                58.431598268464846
              ],
              [
                5.615484270659667,
                58.45521505923633
              ],
              [
                5.39973500689624,
                58.71517523379688
              ],
              [
                5.530999216643554,
                58.880809389070315
              ],
              [
                5.474647554961425,
                58.975528322175784
              ],
              [
                5.627488169280273,
                58.96367987246875
              ],
              [
                5.665794405547363,
                58.82164724917774
              ],
              [
                5.793662104216796,
                58.916324220613284
              ],
              [
                6.093553576079589,
                58.797977052644534
              ],
              [
                5.983710798827392,
                58.886722169832034
              ],
              [
                6.041155848113281,
                58.95184286685352
              ],
              [
                6.266145262328369,
                58.99328573794727
              ],
              [
                6.050548109618408,
                58.98144491763477
              ],
              [
                5.940400633422119,
                58.9340778216875
              ],
              [
                5.822302374449951,
                59.01698263736133
              ],
              [
                5.771857294646484,
                59.076217256501955
              ],
              [
                6.032578501311523,
                59.200667940095705
              ],
              [
                6.237526449767334,
                59.283694826082034
              ],
              [
                6.020303759185058,
                59.2540355548418
              ],
              [
                5.877495798674804,
                59.313350282625
              ],
              [
                6.076250586119873,
                59.42016562075977
              ],
              [
                6.113430533019287,
                59.52704580874805
              ],
              [
                5.815908941832763,
                59.313350282625
              ],
              [
                5.79950192889331,
                59.43203695865039
              ],
              [
                5.680468592253906,
                59.50923117251758
              ],
              [
                5.682913813201171,
                59.414229951814455
              ],
              [
                5.717149290648681,
                59.337073884919924
              ],
              [
                5.528521570769531,
                59.26589926333789
              ],
              [
                5.343843969908935,
                59.26589926333789
              ],
              [
                5.350331816283447,
                59.39049109073047
              ],
              [
                5.282588991729003,
                59.27183111758594
              ],
              [
                5.176648649779541,
                59.30741461367969
              ],
              [
                5.086604151335937,
                59.50923117251758
              ],
              [
                5.382628950682861,
                59.71127279849414
              ],
              [
                5.41855767687915,
                59.51516684146289
              ],
              [
                5.449307474700195,
                59.65776403994922
              ],
              [
                5.64616826495288,
                59.58645208926563
              ],
              [
                5.74112323245166,
                59.62804373355274
              ],
              [
                5.666552576628906,
                59.67559774966602
              ],
              [
                5.96990159472583,
                59.71127279849414
              ],
              [
                6.185389551726562,
                59.82426031680469
              ],
              [
                5.910496267882568,
                59.75289496035938
              ],
              [
                5.694047484008056,
                59.75289496035938
              ],
              [
                5.543337854949218,
                59.82426031680469
              ],
              [
                5.631734404174072,
                59.883765779451174
              ],
              [
                5.805763277617675,
                59.94925268741016
              ],
              [
                5.894064459410888,
                60.1612621173418
              ],
              [
                5.524619612303955,
                60.167525850251955
              ],
              [
                5.279052290526611,
                60.12533529849414
              ],
              [
                5.096230539885742,
                60.26413305850391
              ],
              [
                5.261776003447753,
                60.327132783845705
              ],
              [
                5.551142248717529,
                60.508887849763674
              ],
              [
                5.45583156069873,
                60.59240683169727
              ],
              [
                5.255226645079834,
                60.56414373965625
              ],
              [
                5.075472387877685,
                60.591693483308596
              ],
              [
                4.980375322905761,
                60.68924292178516
              ],
              [
                5.108526739684326,
                60.90610846133594
              ],
              [
                5.387047800627929,
                61.025584779695315
              ],
              [
                5.11961272677539,
                61.13709982486133
              ],
              [
                5.018313440886718,
                61.30513723941211
              ],
              [
                5.140952620116455,
                61.38955648990039
              ],
              [
                5.101146254149658,
                61.69858893008594
              ],
              [
                5.148983511534912,
                61.740882478669924
              ],
              [
                5.416030916777832,
                61.7695384845293
              ],
              [
                5.592420134154541,
                61.78969534488086
              ],
              [
                5.797088179198486,
                61.76991232486133
              ],
              [
                5.833900007811767,
                61.819408021882815
              ],
              [
                5.719467672911865,
                61.87954672427539
              ],
              [
                5.528184446898681,
                61.93255194278125
              ],
              [
                5.425686392394287,
                62.009261690095705
              ],
              [
                5.469670805541259,
                62.09369619937305
              ],
              [
                5.564593824950439,
                62.15030249209766
              ],
              [
                5.823631319609863,
                62.179019533113284
              ],
              [
                6.053489241210205,
                62.33480032534961
              ],
              [
                6.308390650359375,
                62.28582724185352
              ],
              [
                6.532513651458007,
                62.335696779207034
              ],
              [
                6.612958941069824,
                62.58333548159961
              ],
              [
                6.988682779875976,
                62.54157217593555
              ],
              [
                7.289257082549316,
                62.48556479068164
              ],
              [
                7.546737703887207,
                62.599254213289065
              ],
              [
                7.101563486663085,
                62.70464285464649
              ],
              [
                6.981860193816406,
                62.846141420320315
              ],
              [
                7.088180098143798,
                62.91019781680469
              ],
              [
                7.606488260833007,
                62.904056154207034
              ],
              [
                7.989161524382812,
                62.94026907534961
              ],
              [
                8.23129371127246,
                62.841407381013674
              ],
              [
                8.25796607455371,
                63.0543170795
              ],
              [
                8.472289118376953,
                63.17551764102344
              ],
              [
                8.60590365847705,
                63.32509573550586
              ],
              [
                8.957197222319824,
                63.40404089541797
              ],
              [
                9.154221567717773,
                63.31901892276172
              ],
              [
                9.216067347136718,
                63.28356131167774
              ],
              [
                9.440897974578125,
                63.49752386660938
              ],
              [
                9.832105669585449,
                63.68362005801563
              ],
              [
                9.870058092681152,
                63.87643393130664
              ],
              [
                10.06615928134082,
                64.05550726504688
              ],
              [
                10.739846262541992,
                64.38617285342579
              ],
              [
                10.890596422759277,
                64.47251471133595
              ],
              [
                10.996618303862792,
                64.49424322696095
              ],
              [
                11.213500055876953,
                64.41573675723438
              ],
              [
                11.364055666533691,
                64.41601904483204
              ],
              [
                11.50772193392871,
                64.51671942325001
              ],
              [
                11.406536135283691,
                64.61703833194142
              ],
              [
                11.46994117220996,
                64.67464026065235
              ],
              [
                11.689727816191894,
                64.7756534442461
              ],
              [
                11.895566973296386,
                64.91273077578907
              ],
              [
                12.112141642180664,
                65.12991674991017
              ],
              [
                12.222211870757324,
                65.10114630313282
              ],
              [
                12.526453051177246,
                65.10895117373829
              ],
              [
                12.496170076934082,
                65.38447149844532
              ],
              [
                12.284087214080078,
                65.43488653750782
              ],
              [
                12.47921851595996,
                65.61703070254688
              ],
              [
                12.709057840911132,
                65.90887793155079
              ],
              [
                13.08738902529834,
                65.8804126605547
              ],
              [
                13.10879901370166,
                66.03374060244923
              ],
              [
                13.151907000151855,
                66.1361270770586
              ],
              [
                13.581009897795898,
                66.18811377139454
              ],
              [
                13.402801546660644,
                66.34881933780079
              ],
              [
                13.255395922270996,
                66.39254339785938
              ],
              [
                13.16864779910205,
                66.45833929629688
              ],
              [
                13.242076906768066,
                66.56853064151173
              ],
              [
                13.383193049041015,
                66.67895086856251
              ],
              [
                13.592026743499023,
                66.65732153506642
              ],
              [
                13.991646799651367,
                66.68745764346485
              ],
              [
                13.74718955477832,
                66.9224048480547
              ],
              [
                13.85906699618457,
                66.95944555850392
              ],
              [
                14.054739031401855,
                66.97455938907032
              ],
              [
                14.37307837924121,
                67.09309729190235
              ],
              [
                14.63926890811084,
                67.12311132998829
              ],
              [
                14.777660402861816,
                67.21653326602345
              ],
              [
                14.61647323092578,
                67.24526556582813
              ],
              [
                14.56920817813037,
                67.32934149356251
              ],
              [
                14.699147257415039,
                67.37438543887501
              ],
              [
                14.976157221404296,
                67.52293737979298
              ],
              [
                15.226662668791992,
                67.50855597110157
              ],
              [
                15.384503397551757,
                67.46444281192188
              ],
              [
                15.579943689910156,
                67.58331640811329
              ],
              [
                15.745667490569335,
                67.59729345889454
              ],
              [
                15.761817965117675,
                67.6762882098711
              ],
              [
                15.572235140410644,
                67.8206973895586
              ],
              [
                15.854214701262695,
                67.92523535342579
              ],
              [
                15.919741663542968,
                68.0489688739336
              ],
              [
                16.071057352629882,
                68.04467352481251
              ],
              [
                16.232728037444335,
                67.91109045596485
              ],
              [
                16.411614451018554,
                67.87424810977345
              ],
              [
                16.648547205535156,
                68.04574926944142
              ],
              [
                16.52190307101367,
                68.34090002627735
              ],
              [
                16.71914008578418,
                68.31135901065235
              ],
              [
                17.0332746835625,
                68.33763464541798
              ],
              [
                17.126420054045898,
                68.41608007998829
              ],
              [
                16.854756388274414,
                68.5577808246172
              ],
              [
                17.039734873381835,
                68.65852697940235
              ],
              [
                17.406914743987304,
                68.77154120059376
              ],
              [
                17.448914560881835,
                68.88699682803517
              ],
              [
                17.565863642302734,
                68.97436865420704
              ],
              [
                17.894713434783203,
                69.0350757464922
              ],
              [
                17.928147348967773,
                69.00507696719532
              ],
              [
                18.05154517611621,
                69.02785833926563
              ],
              [
                18.09735396823047,
                69.0580020770586
              ],
              [
                18.319052729216796,
                69.35937841983204
              ],
              [
                18.55324080905078,
                69.24687536807423
              ],
              [
                18.984845194426757,
                69.31544073672657
              ],
              [
                19.17015555819629,
                69.25552710147267
              ],
              [
                19.289172205535156,
                69.2105899676836
              ],
              [
                19.57997992953418,
                69.18105658145313
              ],
              [
                19.821213755217773,
                69.36973150821095
              ],
              [
                18.958706888762695,
                68.29369696231251
              ],
              [
                18.400222064951013,
                67.23493152423117
              ],
              [
                18.534030738741084,
                66.43207948149077
              ],
              [
                17.329752674630463,
                64.82637539600992
              ],
              [
                17.73117869600067,
                64.55875804842978
              ],
              [
                16.660709305680115,
                63.75590600568937
              ],
              [
                15.049652873247693,
                63.52575508677045
              ],
              [
                13.154899574959657,
                62.024227120513196
              ],
              [
                12.791736635771972,
                61.32994803042774
              ],
              [
                12.597381624785644,
                61.02862127871875
              ],
              [
                12.174038920012695,
                60.956405244783205
              ],
              [
                12.431030306426269,
                60.62584646792774
              ],
              [
                12.547958407012207,
                60.43387182803516
              ],
              [
                12.435860666838867,
                60.27809866519336
              ],
              [
                12.422772440520507,
                60.03877981753711
              ],
              [
                12.48789545729689,
                58.56291949244779
              ],
              [
                11.736376188093523,
                57.69820870947779
              ],
              [
                11.609838518706542,
                57.80694540591602
              ],
              [
                11.709144625273925,
                58.024737916902346
              ],
              [
                11.801886591521484,
                58.17793997378711
              ],
              [
                11.613860163298828,
                58.24734839053516
              ],
              [
                11.431094202605468,
                58.20152624698047
              ],
              [
                11.406709704009277,
                58.33127173037891
              ],
              [
                11.22135833224414,
                58.30832251162891
              ],
              [
                11.14039138278125,
                58.85121878238086
              ],
              [
                11.03924277743457,
                58.9103961810625
              ],
              [
                11.178854975310546,
                59.070289216951174
              ]
            ]
          ],
          [
            [
              [
                13.252219233123046,
                79.80073126407032
              ],
              [
                13.282957110015136,
                79.48708685489063
              ],
              [
                13.396730455962402,
                79.43371161075001
              ],
              [
                14.158891710845214,
                79.36382635684376
              ],
              [
                14.25808814486621,
                79.53364904971485
              ],
              [
                14.316590342131835,
                79.72191961856251
              ],
              [
                14.574694666472656,
                79.78525885196095
              ],
              [
                14.810112032500488,
                79.80369146914845
              ],
              [
                15.237189325896484,
                79.58918341250782
              ],
              [
                15.77414325198291,
                79.24228247256642
              ],
              [
                16.133173975554687,
                79.13635595889454
              ],
              [
                16.38881209811328,
                79.23457678408985
              ],
              [
                16.289153132048828,
                79.36790808291798
              ],
              [
                16.081957850066406,
                79.52817877383595
              ],
              [
                15.935030970183593,
                79.7429386004961
              ],
              [
                15.916598352996093,
                79.84177740664845
              ],
              [
                16.32628348788379,
                80.02513464541798
              ],
              [
                16.776646647063476,
                79.9785571918047
              ],
              [
                16.995327982512695,
                79.89783819766407
              ],
              [
                17.57058051547168,
                79.88994177432423
              ],
              [
                17.834054026213867,
                79.80945166201954
              ],
              [
                17.79819396456836,
                79.62093695254688
              ],
              [
                17.72217849215625,
                79.48664435000782
              ],
              [
                17.76900580844043,
                79.4153018817461
              ],
              [
                18.015986475554687,
                79.36228521914845
              ],
              [
                18.350546869841796,
                79.51463659854298
              ],
              [
                18.548739466277343,
                79.55971869082813
              ],
              [
                18.846463236418945,
                79.38169439883595
              ],
              [
                19.15158179720996,
                79.23094519229298
              ],
              [
                19.50487426241992,
                79.16055639834767
              ],
              [
                19.931851420012695,
                79.10815008731251
              ],
              [
                20.68418792208789,
                78.91487463565235
              ],
              [
                20.908095392791015,
                78.80939062686329
              ],
              [
                20.321175608245117,
                78.68498571963673
              ],
              [
                19.429148707,
                78.58662756533985
              ],
              [
                19.11582282504199,
                78.45454748721485
              ],
              [
                18.786776575652343,
                77.93978460879688
              ],
              [
                18.3886156412041,
                77.541621767
              ],
              [
                17.82944396456836,
                77.48894842715626
              ],
              [
                17.48486045321582,
                77.2480655536211
              ],
              [
                17.279892954436523,
                76.98295935244923
              ],
              [
                17.26699927767871,
                76.81286200137501
              ],
              [
                16.912959131804687,
                76.71886786075001
              ],
              [
                16.662911448088867,
                76.72687109561329
              ],
              [
                15.94610312899707,
                76.88682135196095
              ],
              [
                15.098876032439453,
                77.11526831241017
              ],
              [
                14.484577211943847,
                77.37091406436329
              ],
              [
                14.77792457064746,
                77.53477057071095
              ],
              [
                15.482050928679687,
                77.55328711123829
              ],
              [
                16.2868090005791,
                77.6151538714922
              ],
              [
                16.711554560271484,
                77.7886157855547
              ],
              [
                16.41804793795703,
                77.90059240908985
              ],
              [
                15.59807780703662,
                77.8383975848711
              ],
              [
                14.893422159758789,
                77.78515204043751
              ],
              [
                14.13102916201709,
                77.76640661807423
              ],
              [
                13.905090365020019,
                77.99990423770313
              ],
              [
                14.336516413298828,
                78.02679022403126
              ],
              [
                14.953421625701171,
                78.12359198184376
              ],
              [
                15.920889887419921,
                78.26488073916798
              ],
              [
                16.617047342864257,
                78.46726568789845
              ],
              [
                15.480342897979003,
                78.64941748233204
              ],
              [
                15.083908114043457,
                78.78065069766407
              ],
              [
                14.819029841033203,
                78.71849402041798
              ],
              [
                14.352827105132324,
                78.42791327090626
              ],
              [
                13.871756586638671,
                78.29587896914845
              ],
              [
                13.61843207797168,
                78.26922949405079
              ],
              [
                13.062086138335449,
                78.34677466006642
              ],
              [
                12.910100969878417,
                78.42518194766407
              ],
              [
                12.43747333010791,
                78.59088476748829
              ],
              [
                12.074569735137207,
                78.69565161319142
              ],
              [
                11.760330233184082,
                78.88018377871876
              ],
              [
                12.524833712187988,
                79.05856665225392
              ],
              [
                12.156988176909667,
                79.3154483661211
              ],
              [
                11.545166048613769,
                79.17202337832813
              ],
              [
                11.335225138274414,
                79.20714148135548
              ],
              [
                10.9194412561333,
                79.54516943545704
              ],
              [
                11.284340891448242,
                79.70714148135548
              ],
              [
                11.516539606658203,
                79.71653326602345
              ],
              [
                12.000311884490234,
                79.77136572451954
              ],
              [
                12.457693132964355,
                79.75425299258595
              ],
              [
                12.717382464019042,
                79.78171118350392
              ],
              [
                13.252219233123046,
                79.80073126407032
              ]
            ]
          ],
          [
            [
              [
                21.970780405608398,
                79.7828555926836
              ],
              [
                21.252636942473632,
                79.78903540225392
              ],
              [
                20.344210657683593,
                79.7962833270586
              ],
              [
                19.561673197356445,
                79.76781805606251
              ],
              [
                19.218064341155273,
                79.74022253604298
              ],
              [
                18.330594095793945,
                79.8823657855547
              ],
              [
                18.695826563445312,
                80.08740576358204
              ],
              [
                19.06761840304492,
                80.16498144717579
              ],
              [
                19.39876655062793,
                80.36864813418751
              ],
              [
                19.91539672335742,
                80.63342627139454
              ],
              [
                20.524457010833007,
                80.32244452090626
              ],
              [
                20.97366431674121,
                80.27496679873829
              ],
              [
                21.475871119109375,
                80.31472357364063
              ],
              [
                21.88118270358203,
                80.27680548282032
              ],
              [
                22.197699579802734,
                80.12329443545704
              ],
              [
                22.58739951571582,
                80.26860388369923
              ],
              [
                22.826014551726562,
                80.47298773379688
              ],
              [
                23.216382059661132,
                80.61079748721485
              ],
              [
                23.076764139739257,
                80.24058874698048
              ],
              [
                23.11540893038867,
                80.09633978457813
              ],
              [
                23.49826148470996,
                80.09711798282032
              ],
              [
                23.944243464080078,
                80.31975897403126
              ],
              [
                24.421435389128906,
                80.4372745379961
              ],
              [
                24.782862696257812,
                80.37966497989063
              ],
              [
                25.033976587859375,
                80.16746862979298
              ],
              [
                25.35129645785449,
                80.14890631289845
              ],
              [
                26.254410776702148,
                80.19886358828907
              ],
              [
                26.948615107146484,
                80.11370428653126
              ],
              [
                27.19679549655078,
                79.9443546161211
              ],
              [
                26.96863082369922,
                79.85386236758595
              ],
              [
                26.06695846041797,
                79.57410009951954
              ],
              [
                25.336686167327148,
                79.40301092715626
              ],
              [
                24.85516074618457,
                79.37533911319142
              ],
              [
                24.416337046233398,
                79.3121524676836
              ],
              [
                23.820517572966796,
                79.14745672793751
              ],
              [
                20.99829390963672,
                79.1910816058672
              ],
              [
                20.983325037566406,
                79.36089666934376
              ],
              [
                21.654866251555664,
                79.47809942813282
              ],
              [
                21.970780405608398,
                79.7828555926836
              ]
            ]
          ],
          [
            [
              [
                8.616097483245117,
                54.88736303897266
              ],
              [
                8.64507487734912,
                55.06904562564258
              ],
              [
                8.559559855071289,
                55.356124483064455
              ],
              [
                8.481338533965332,
                55.3492389545
              ],
              [
                8.318970713225585,
                55.481074892
              ],
              [
                8.214038881865722,
                55.398597322419924
              ],
              [
                8.03456691226123,
                55.47591360659961
              ],
              [
                8.125073465911132,
                55.63582953067188
              ],
              [
                8.320030245391113,
                55.76773413272266
              ],
              [
                8.316974672881347,
                55.848914705232424
              ],
              [
                8.116614374724609,
                56.09225805850391
              ],
              [
                8.124479326812011,
                56.207477174714846
              ],
              [
                8.183429751006347,
                56.43146475406055
              ],
              [
                8.308830294219238,
                56.479205690339846
              ],
              [
                8.452236208525878,
                56.41160162539844
              ],
              [
                8.674888643828613,
                56.357745729402346
              ],
              [
                8.868578943816406,
                56.61611136050586
              ],
              [
                9.002701792327148,
                56.65715750308399
              ],
              [
                9.135852846709472,
                56.46041830630664
              ],
              [
                9.311874422637207,
                56.481124483064455
              ],
              [
                9.322062525359375,
                56.718936525300784
              ],
              [
                9.370146784392578,
                56.882266603425784
              ],
              [
                9.834623369780761,
                56.88994177432422
              ],
              [
                10.216188463774902,
                56.8498493060625
              ],
              [
                10.229683909026367,
                56.60512503238086
              ],
              [
                10.313760790435058,
                56.46947439761524
              ],
              [
                10.825824770537597,
                56.44329031558399
              ],
              [
                10.888675722686035,
                56.36874731631641
              ],
              [
                10.75066855868457,
                56.09728201480274
              ],
              [
                10.496092829314453,
                56.03362616153125
              ],
              [
                10.442480120269042,
                56.15090139956836
              ],
              [
                10.293446573821289,
                56.137069307283205
              ],
              [
                10.175156626311523,
                56.07587393374805
              ],
              [
                10.229878458586914,
                55.95089300723438
              ],
              [
                10.147146257964355,
                55.76489218325977
              ],
              [
                10.007120165435058,
                55.73038824649219
              ],
              [
                9.975747141448242,
                55.62034948916797
              ],
              [
                9.690073046294433,
                55.6048656329668
              ],
              [
                9.760741266814453,
                55.50169714541797
              ],
              [
                9.630183252898437,
                55.45940741153125
              ],
              [
                9.543865236846191,
                55.35126455874805
              ],
              [
                9.51656154116748,
                55.223067842439455
              ],
              [
                9.517821344939453,
                55.128680787996096
              ],
              [
                9.421020540801269,
                54.97648199649219
              ],
              [
                9.49598220309375,
                54.93829306216602
              ],
              [
                9.610262903777343,
                54.880042634919924
              ],
              [
                9.864443811980468,
                54.72629126162891
              ],
              [
                9.986687693206054,
                54.592444978669924
              ],
              [
                9.978010210601074,
                54.49014624209766
              ],
              [
                9.864808115569335,
                54.41139944644336
              ],
              [
                10.06492808779834,
                54.43389471621875
              ],
              [
                10.141728434172851,
                54.33675345034961
              ],
              [
                9.884802785007942,
                54.25410314727822
              ],
              [
                9.826653504847892,
                54.27590912733824
              ],
              [
                9.739429584607816,
                54.27590912733824
              ],
              [
                9.674011644427761,
                54.18868520709817
              ],
              [
                9.448683183807567,
                54.18868520709817
              ],
              [
                9.44141452378756,
                54.24683448725822
              ],
              [
                9.296041323387435,
                54.24683448725822
              ],
              [
                9.259698023287404,
                54.304983767418264
              ],
              [
                9.216086063167367,
                54.29044644737825
              ],
              [
                9.165205443027324,
                54.31952108745828
              ],
              [
                9.136130802947298,
                54.29771510739826
              ],
              [
                9.05617554272723,
                54.3485957275383
              ],
              [
                8.961682962467147,
                54.27590912733824
              ],
              [
                8.884012255278808,
                54.229449830964846
              ],
              [
                8.580725702849609,
                54.19368704409961
              ],
              [
                8.553946528044921,
                54.27543982119922
              ],
              [
                8.852422747222167,
                54.331649385408205
              ],
              [
                8.950601610747558,
                54.418555818513674
              ],
              [
                8.742068323699218,
                54.60780294986133
              ],
              [
                8.595986399260742,
                54.76135214419727
              ],
              [
                8.616097483245117,
                54.88736303897266
              ]
            ]
          ],
          [
            [
              [
                8.183486971465332,
                56.798480592683596
              ],
              [
                8.35887340029834,
                57.02273901553516
              ],
              [
                8.534035715666992,
                57.140582643464846
              ],
              [
                8.661300692168457,
                57.10409887881641
              ],
              [
                8.959858927336914,
                57.13216360659961
              ],
              [
                9.302420649138671,
                57.165843568757815
              ],
              [
                9.448685679045898,
                57.22761496158008
              ],
              [
                9.849259409514648,
                57.58178671450977
              ],
              [
                10.28952125033496,
                57.671859346345705
              ],
              [
                10.390136751738769,
                57.660594545320315
              ],
              [
                10.479459795562011,
                57.759131990388674
              ],
              [
                10.558055910674316,
                57.74505194278125
              ],
              [
                10.401182207671386,
                57.505878053621096
              ],
              [
                10.45072844943164,
                57.45803030581836
              ],
              [
                10.46283725222705,
                57.24166067691211
              ],
              [
                10.333290133086425,
                57.17146261783008
              ],
              [
                10.256552729216796,
                57.00591238589649
              ],
              [
                9.503004107085449,
                56.97506292910938
              ],
              [
                9.33376124819873,
                57.02273901553516
              ],
              [
                9.141241106597167,
                57.008712373689455
              ],
              [
                9.078547510710937,
                57.036761842683596
              ],
              [
                8.97088054141162,
                57.00029715152149
              ],
              [
                8.847024950591308,
                56.98628195376758
              ],
              [
                8.778081926909667,
                56.798480592683596
              ],
              [
                8.665981325713378,
                56.700458131746096
              ],
              [
                8.507121119109375,
                56.64726599307422
              ],
              [
                8.470928225127441,
                56.59688910098438
              ],
              [
                8.368228945342285,
                56.66685827823047
              ],
              [
                8.183486971465332,
                56.798480592683596
              ]
            ]
          ],
          [
            [
              [
                11.876622233000976,
                57.325206361726565
              ],
              [
                12.318003044583083,
                57.679593854704954
              ],
              [
                12.52438182794218,
                57.390663558002224
              ],
              [
                12.730760611301278,
                57.43193931467404
              ],
              [
                12.895863637988557,
                56.977905991284025
              ],
              [
                13.226069691363112,
                57.101733261299486
              ],
              [
                13.432448474722209,
                56.52387266789401
              ],
              [
                14.17541209481496,
                56.81280296459675
              ],
              [
                14.484980269853605,
                56.68010333567053
              ],
              [
                15.426993333335687,
                56.765740886896175
              ],
              [
                16.06315060859225,
                56.39623928206121
              ],
              [
                16.031445536223632,
                56.353072725251955
              ],
              [
                15.770541224089843,
                56.0332103595293
              ],
              [
                15.696229014006835,
                56.06096228213672
              ],
              [
                15.49704078158496,
                56.1672435626543
              ],
              [
                15.220801386443359,
                56.08036383242969
              ],
              [
                14.652893099395019,
                56.120616517976565
              ],
              [
                14.605230364409667,
                55.980784975007815
              ],
              [
                14.491827997771484,
                56.01803930850391
              ],
              [
                14.258925470916015,
                55.89928015323047
              ],
              [
                14.12602141818164,
                55.666583620027346
              ],
              [
                14.28635028323291,
                55.51549490542774
              ],
              [
                14.1171951623833,
                55.34711416812305
              ],
              [
                13.901111635771972,
                55.405154787019534
              ],
              [
                13.823299440947753,
                55.421817384675784
              ],
              [
                13.301851305571777,
                55.300696931794924
              ],
              [
                12.802372011748535,
                55.3529125079668
              ],
              [
                12.801919970122558,
                55.416766725496096
              ],
              [
                12.887555155364257,
                55.45160635562305
              ],
              [
                12.859313997832519,
                55.532916627839846
              ],
              [
                12.985865625945312,
                55.666583620027346
              ],
              [
                12.699014696685058,
                55.90509756656055
              ],
              [
                12.513357195464355,
                56.120616517976565
              ],
              [
                12.414413485137207,
                56.24304159732227
              ],
              [
                12.652379068938476,
                56.29553183169727
              ],
              [
                12.61543563326953,
                56.43560751529102
              ],
              [
                12.80480674227832,
                56.40119894595508
              ],
              [
                12.871575388518554,
                56.51151617617969
              ],
              [
                12.78585914095996,
                56.616683565095705
              ],
              [
                12.65748122653125,
                56.61083944888477
              ],
              [
                12.52603248080371,
                56.78039511294727
              ],
              [
                12.288620981780273,
                56.87985571475391
              ],
              [
                12.005142244902832,
                57.325206361726565
              ],
              [
                11.876622233000976,
                57.325206361726565
              ]
            ]
          ],
          [
            [
              [
                11.969614061919433,
                54.95418509097461
              ],
              [
                11.90733245333789,
                55.02129324527149
              ],
              [
                11.76722243746875,
                55.17599829287891
              ],
              [
                11.584776911345703,
                55.162181459382815
              ],
              [
                11.285398516265136,
                55.18856772036914
              ],
              [
                11.230098757354003,
                55.33680685611133
              ],
              [
                11.101924929229003,
                55.633670412019534
              ],
              [
                11.29626182040332,
                55.67459448428516
              ],
              [
                11.567736658660156,
                55.884776674226565
              ],
              [
                11.728052172270996,
                55.661883912996096
              ],
              [
                11.962490114775878,
                55.58126410098438
              ],
              [
                12.052621874419433,
                55.70307882876758
              ],
              [
                12.087997469512207,
                55.96697577090625
              ],
              [
                12.237717661467773,
                55.98757132144336
              ],
              [
                12.444047960845214,
                55.96765097232227
              ],
              [
                12.46922496279834,
                55.71063192935352
              ],
              [
                12.409100565520507,
                55.54833181949024
              ],
              [
                12.344366106597167,
                55.50770529361133
              ],
              [
                12.158434900847656,
                55.379092775300784
              ],
              [
                12.42971900424121,
                55.244693361238284
              ],
              [
                12.301355394927246,
                55.17028006167774
              ],
              [
                12.076974901763183,
                54.99468954654102
              ],
              [
                11.969614061919433,
                54.95418509097461
              ]
            ]
          ],
          [
            [
              [
                -24.218850102814454,
                65.53374060244923
              ],
              [
                -24.16153618374707,
                65.60662420840626
              ],
              [
                -23.972643819245118,
                65.68710669131642
              ],
              [
                -23.570521321686524,
                65.68056830020313
              ],
              [
                -23.26697060147168,
                65.72486456485157
              ],
              [
                -23.426138844879883,
                65.82667120547657
              ],
              [
                -23.608294454010743,
                65.9796329364336
              ],
              [
                -23.465569463166016,
                66.13343390078907
              ],
              [
                -23.341095891388672,
                66.13366278262501
              ],
              [
                -22.910920110138672,
                65.94440802188282
              ],
              [
                -22.609297719391602,
                65.92308386416798
              ],
              [
                -22.474139180573243,
                65.9963794574297
              ],
              [
                -22.56005569973828,
                66.11318548770313
              ],
              [
                -22.84109398404004,
                66.28103979678517
              ],
              [
                -22.676369634064454,
                66.39130743594532
              ],
              [
                -22.209818807038086,
                66.28955420108204
              ],
              [
                -21.779072728546875,
                66.25373419375782
              ],
              [
                -21.443249669464844,
                66.12991674991017
              ],
              [
                -21.24248978176953,
                65.88181646914845
              ],
              [
                -21.296168294342774,
                65.69941290469532
              ],
              [
                -21.494715657624024,
                65.56796606631642
              ],
              [
                -21.07972046414258,
                65.20544775576954
              ],
              [
                -20.830618825348633,
                65.36559637637501
              ],
              [
                -20.67248245755078,
                65.42404516787892
              ],
              [
                -20.38892647305371,
                65.47545202823048
              ],
              [
                -20.16844650784375,
                65.55589636416798
              ],
              [
                -20.141276326569336,
                65.65056952090626
              ],
              [
                -20.217385259064454,
                66.00059851260548
              ],
              [
                -19.973305669220704,
                66.11072882266407
              ],
              [
                -19.747664418610352,
                65.90652807803517
              ],
              [
                -19.556010213288086,
                65.76826056094532
              ],
              [
                -19.33599564114453,
                65.67393072696095
              ],
              [
                -19.239182439240235,
                65.66683539004688
              ],
              [
                -19.15589424649121,
                65.72528418155079
              ],
              [
                -19.274529424103516,
                65.92930182071095
              ],
              [
                -19.165436711701172,
                66.00257452578907
              ],
              [
                -19.0441236166084,
                66.01741369815235
              ],
              [
                -18.67629906216504,
                66.09119757266407
              ],
              [
                -18.369032826813477,
                65.89450415225392
              ],
              [
                -18.12792679348828,
                65.78552588076954
              ],
              [
                -17.883769002350586,
                65.75682409854298
              ],
              [
                -17.861041036041993,
                65.83708532901173
              ],
              [
                -18.02248283902051,
                66.07779272647267
              ],
              [
                -17.569674458893555,
                66.01286657901173
              ],
              [
                -16.92214104214551,
                65.97755011172657
              ],
              [
                -16.567986455353516,
                66.02934607119923
              ],
              [
                -16.375685658844727,
                66.13209112735157
              ],
              [
                -16.38522240200879,
                66.45441778750782
              ],
              [
                -15.859886136444825,
                66.4187198504961
              ],
              [
                -15.573985066803711,
                66.20676764102345
              ],
              [
                -15.070752110871094,
                66.06138952823048
              ],
              [
                -14.763337102326172,
                66.05466040225392
              ],
              [
                -14.640680280121583,
                65.94529303164845
              ],
              [
                -14.75407120266797,
                65.69707068057423
              ],
              [
                -14.400113072785157,
                65.5666919574297
              ],
              [
                -13.646900144013184,
                65.49534185977345
              ],
              [
                -13.58978840390088,
                65.43004187198048
              ],
              [
                -13.525573697479981,
                65.18334539981251
              ],
              [
                -13.557373967560547,
                65.00938757510548
              ],
              [
                -13.62584396878125,
                64.89389380069142
              ],
              [
                -13.694187131317872,
                64.77862890811329
              ],
              [
                -13.8934249548042,
                64.72070654483204
              ],
              [
                -14.260321584137696,
                64.71282538028126
              ],
              [
                -14.348122563751954,
                64.66953619571095
              ],
              [
                -14.365896191986817,
                64.47555883975392
              ],
              [
                -14.597537961395997,
                64.2671314105547
              ],
              [
                -14.821200337799805,
                64.19502600283985
              ],
              [
                -15.07680889645459,
                64.2089038714922
              ],
              [
                -15.266535725983399,
                64.28020819278126
              ],
              [
                -15.634139981659668,
                64.05748327823048
              ],
              [
                -15.876496282013672,
                63.99265631289844
              ],
              [
                -16.533839192780274,
                63.78413351626758
              ],
              [
                -16.91753860989453,
                63.73341330142383
              ],
              [
                -17.24438187161328,
                63.732825838044924
              ],
              [
                -17.591462102326172,
                63.689342103914065
              ],
              [
                -17.944104161652344,
                63.424842439607424
              ],
              [
                -18.156922307404297,
                63.36746176333789
              ],
              [
                -18.641863789948243,
                63.32381781192188
              ],
              [
                -18.96079155484082,
                63.33746298404102
              ],
              [
                -19.553091969879883,
                63.4146800860918
              ],
              [
                -19.826746907624024,
                63.47830160708789
              ],
              [
                -20.40394684353711,
                63.69834478946094
              ],
              [
                -20.879881825836915,
                63.74029120059375
              ],
              [
                -21.07912346402051,
                63.711341463044924
              ],
              [
                -21.547505345734375,
                63.71762045474414
              ],
              [
                -22.372910466583985,
                63.77318533511524
              ],
              [
                -22.50658890286328,
                63.865821443513674
              ],
              [
                -22.31133743801953,
                63.951984010652346
              ],
              [
                -21.804110494049805,
                64.11036261172657
              ],
              [
                -21.48847481289746,
                64.3761401996172
              ],
              [
                -21.85671326199414,
                64.38261755557423
              ],
              [
                -22.08617874661328,
                64.4395938739336
              ],
              [
                -22.278605428131836,
                64.61880072207813
              ],
              [
                -22.392422643097657,
                64.66170080752735
              ],
              [
                -22.553589787873047,
                64.62545355410938
              ],
              [
                -23.25753113308789,
                64.57384070010548
              ],
              [
                -23.508307423981446,
                64.55902441592579
              ],
              [
                -23.67457672634961,
                64.65931280703907
              ],
              [
                -23.61116692105176,
                64.74570044131642
              ],
              [
                -23.436671224030274,
                64.80359228701954
              ],
              [
                -23.135647740753907,
                64.84733923526173
              ],
              [
                -22.778422322663086,
                64.85519751162892
              ],
              [
                -22.450291600617188,
                64.90623053164845
              ],
              [
                -21.978291478546875,
                64.9503360614336
              ],
              [
                -21.80916496792676,
                65.03735693545704
              ],
              [
                -21.728949513825196,
                65.18245276065235
              ],
              [
                -21.79375931301953,
                65.29845007510548
              ],
              [
                -21.95479675808789,
                65.37804754825001
              ],
              [
                -22.146489110382813,
                65.38492163272267
              ],
              [
                -22.361592259796875,
                65.44994696231251
              ],
              [
                -22.813721623810547,
                65.47090490908985
              ],
              [
                -23.183239903839844,
                65.42658575625782
              ],
              [
                -23.37422844448926,
                65.35358770938282
              ],
              [
                -23.678452458771485,
                65.31669958682423
              ],
              [
                -24.14688774624707,
                65.43931921573048
              ],
              [
                -24.218850102814454,
                65.53374060244923
              ]
            ]
          ]
        ]
      }
    },
    {
      "type": "Feature",
      "properties": {
        "NAME": "England",
        "ABBREVN": "England",
        "SUBJECTO": "England",
        "BORDERPRECISION": 1,
        "PARTOF": "England"
      },
      "geometry": {
        "type": "MultiPolygon",
        "coordinates": [
          [
            [
              [
                -6.343146768006104,
                53.93964346499805
              ],
              [
                -6.443396058472413,
                53.89937933535938
              ],
              [
                -6.334980454834717,
                53.78598364444141
              ],
              [
                -6.172213521393555,
                53.43919714541797
              ],
              [
                -6.043061223419922,
                52.89308889956836
              ],
              [
                -6.070682969483155,
                52.766604982332034
              ],
              [
                -6.232112851532715,
                52.61333426089649
              ],
              [
                -6.340896096619385,
                52.42706259341602
              ],
              [
                -6.405971017273682,
                52.21443899722461
              ],
              [
                -6.489150014313477,
                52.19435843081836
              ],
              [
                -6.616821256073731,
                52.22066458316211
              ],
              [
                -6.893897023590821,
                52.206649385408205
              ],
              [
                -6.961679425629395,
                52.111201845125
              ],
              [
                -7.372407880219239,
                52.092113100007815
              ],
              [
                -7.750648942383545,
                52.03270681949024
              ],
              [
                -7.86164948025586,
                51.96809347720508
              ],
              [
                -8.15881392041089,
                51.839644990876955
              ],
              [
                -8.565231290253418,
                51.61545141787891
              ],
              [
                -8.84775730648877,
                51.59982260318164
              ],
              [
                -9.243309941681641,
                51.47262915225391
              ],
              [
                -9.819109883698243,
                51.434554658845705
              ],
              [
                -9.795244183930176,
                51.604632936433596
              ],
              [
                -9.835420575531739,
                51.80326422305469
              ],
              [
                -10.216907468231934,
                51.75834997744922
              ],
              [
                -10.294031110199708,
                51.97762640567188
              ],
              [
                -9.96377464810254,
                52.092113100007815
              ],
              [
                -10.497328725250977,
                52.10165365786914
              ],
              [
                -10.469237294586915,
                52.206649385408205
              ],
              [
                -9.890640225800293,
                52.19443091006641
              ],
              [
                -9.801606145294922,
                52.241084657625
              ],
              [
                -9.784003224762696,
                52.3407054767168
              ],
              [
                -9.735718694123047,
                52.48028143496875
              ],
              [
                -9.503988233002442,
                52.54054983706836
              ],
              [
                -9.192634549530762,
                52.55445822329883
              ],
              [
                -9.134288754853028,
                52.68089636416797
              ],
              [
                -9.615690198334473,
                52.636634431794924
              ],
              [
                -9.441564526947754,
                52.83327826114063
              ],
              [
                -9.525756802948731,
                52.90455587954883
              ],
              [
                -9.309349980744141,
                53.11526831241016
              ],
              [
                -8.9969987539375,
                53.12044485659961
              ],
              [
                -8.923582997711915,
                53.16057547183399
              ],
              [
                -9.001670804413575,
                53.30037649722461
              ],
              [
                -9.158159222992676,
                53.2206989154375
              ],
              [
                -9.297359433563965,
                53.279803834871096
              ],
              [
                -9.440665212067383,
                53.26620825381641
              ],
              [
                -9.616703954132813,
                53.34587820620899
              ],
              [
                -9.802919354828614,
                53.34535177798633
              ],
              [
                -9.884814229401368,
                53.29739721866016
              ],
              [
                -10.159825292023438,
                53.374122224763674
              ],
              [
                -10.02107330838086,
                53.51185568423633
              ],
              [
                -10.151425328644532,
                53.575641237214846
              ],
              [
                -9.80959984341504,
                53.63241537661914
              ],
              [
                -9.872389760407227,
                53.767718873933596
              ],
              [
                -9.696483579071778,
                53.8734203204668
              ],
              [
                -9.912850346955079,
                53.96955832095508
              ],
              [
                -10.178537335785645,
                53.9118724689043
              ],
              [
                -10.159675565155762,
                54.13307150454883
              ],
              [
                -9.988787618073243,
                54.25371512027149
              ],
              [
                -9.891974416168946,
                54.32558401675586
              ],
              [
                -9.4742936758125,
                54.241309724763674
              ],
              [
                -9.32290550747754,
                54.275069795564455
              ],
              [
                -9.08584496060254,
                54.258189760164065
              ],
              [
                -8.590084996613282,
                54.20284994693164
              ],
              [
                -8.686731305512208,
                54.364112459138674
              ],
              [
                -8.30057999173047,
                54.48934897036914
              ],
              [
                -8.21147915402295,
                54.6339183673418
              ],
              [
                -8.829358067902344,
                54.6339183673418
              ],
              [
                -8.760042157562989,
                54.701427064851565
              ],
              [
                -8.50373932400586,
                54.749644838289065
              ],
              [
                -8.476253476532715,
                54.87985190005664
              ],
              [
                -8.345380750092286,
                55.09528311343555
              ],
              [
                -8.11831804791333,
                55.176631532625
              ],
              [
                -7.756225076111573,
                55.25272711367969
              ],
              [
                -7.657281365784424,
                55.1168285235918
              ],
              [
                -7.497830834778565,
                55.04973944278125
              ],
              [
                -7.427515473755616,
                55.06380423159961
              ],
              [
                -7.225492921265381,
                55.104190431550784
              ],
              [
                -6.99682375470044,
                55.17202337832813
              ],
              [
                -6.645197835358399,
                55.2064281329668
              ],
              [
                -6.454310384186524,
                55.18654974551563
              ],
              [
                -6.279264417084473,
                55.139693819001955
              ],
              [
                -6.116521325501221,
                55.16022451968555
              ],
              [
                -6.018187966736573,
                55.093001924470705
              ],
              [
                -5.784886327179688,
                54.73741873355274
              ],
              [
                -5.763683762940186,
                54.656993471101565
              ],
              [
                -5.799925771149415,
                54.52288778872852
              ],
              [
                -5.661512818726319,
                54.32224615664844
              ],
              [
                -5.731388535889405,
                54.174869142488284
              ],
              [
                -5.912154164704102,
                54.02737768741016
              ],
              [
                -6.071708169373291,
                53.973590455964846
              ],
              [
                -6.206393208893555,
                53.95674856753711
              ],
              [
                -6.343146768006104,
                53.93964346499805
              ]
            ]
          ],
          [
            [
              [
                -1.981956508380175,
                55.58968674287802
              ],
              [
                -1.94199546852948,
                55.55607184024219
              ],
              [
                -1.719010558518189,
                55.4537425860918
              ],
              [
                -1.665979829224366,
                55.379588685945315
              ],
              [
                -1.695988979729432,
                55.27250250430469
              ],
              [
                -1.555618610771912,
                54.92161139102344
              ],
              [
                -1.388892021569031,
                54.68048056216602
              ],
              [
                -1.192056861313599,
                54.595355592683596
              ],
              [
                -0.870595899018067,
                54.54716833682422
              ],
              [
                -0.604803499373215,
                54.30016287417774
              ],
              [
                -0.295500930937546,
                54.03316839785938
              ],
              [
                -0.234880952703374,
                53.79938467593555
              ],
              [
                -0.319215585085171,
                53.57891424746875
              ],
              [
                -0.203663793,
                53.52328451724414
              ],
              [
                0.081015858260375,
                53.3862262591875
              ],
              [
                0.174518886414749,
                53.29305990786914
              ],
              [
                0.267848494855148,
                53.12666281314258
              ],
              [
                0.250867608395797,
                53.04005392642383
              ],
              [
                0.00550119897483,
                52.786666475251955
              ],
              [
                0.326831850615722,
                52.707477174714846
              ],
              [
                0.504670116511566,
                52.847510896638674
              ],
              [
                0.741839024630767,
                52.901195131257815
              ],
              [
                1.012664351073486,
                52.88841589541797
              ],
              [
                1.375926766005737,
                52.809241853669924
              ],
              [
                1.585714611617309,
                52.650043092683596
              ],
              [
                1.691691670027954,
                52.311420045808596
              ],
              [
                1.656872067061645,
                52.21178396792774
              ],
              [
                1.511889729109985,
                52.02575644107227
              ],
              [
                1.031286153403503,
                51.812720857576174
              ],
              [
                0.68621805628894,
                51.56038626284961
              ],
              [
                0.254172805157882,
                51.453597627595705
              ],
              [
                0.804253611174804,
                51.37826880069141
              ],
              [
                1.030067357627136,
                51.35884817691211
              ],
              [
                1.189365777579528,
                51.40547140689258
              ],
              [
                1.364680680838806,
                51.35290487857227
              ],
              [
                1.334964427558166,
                51.12069662661914
              ],
              [
                0.886016640273315,
                50.981891237214846
              ],
              [
                0.888346943465454,
                50.89267309756641
              ],
              [
                0.672568890658599,
                50.930667482332034
              ],
              [
                0.191810223666412,
                50.73128470034961
              ],
              [
                -0.203663793,
                50.79532965274219
              ],
              [
                -0.335705709251183,
                50.816714845613284
              ],
              [
                -0.839040127190369,
                50.72180136294727
              ],
              [
                -1.103359904679078,
                50.816714845613284
              ],
              [
                -1.372512188347596,
                50.766273103669924
              ],
              [
                -2.085358705910462,
                50.702823244050784
              ],
              [
                -2.023685899170655,
                50.570010744050784
              ],
              [
                -2.431994643601197,
                50.64588888736133
              ],
              [
                -2.550505128296631,
                50.570010744050784
              ],
              [
                -2.960618939789551,
                50.72180136294727
              ],
              [
                -3.110884395035523,
                50.65736349673633
              ],
              [
                -3.521466937454957,
                50.61743124575977
              ],
              [
                -3.563183036240357,
                50.361434541658205
              ],
              [
                -3.715036120804566,
                50.219337068513674
              ],
              [
                -3.88174339810254,
                50.200397096589846
              ],
              [
                -4.00423809567334,
                50.314063631013674
              ],
              [
                -4.242629018219727,
                50.39146002383594
              ],
              [
                -4.303295102509278,
                50.32354315371875
              ],
              [
                -4.540565457733887,
                50.35795172305469
              ],
              [
                -4.967033830078858,
                50.21224554629688
              ],
              [
                -5.282338586243409,
                49.963824830964846
              ],
              [
                -5.429218259247559,
                50.06785162539844
              ],
              [
                -5.777813401612061,
                50.13411673159961
              ],
              [
                -5.237766232880372,
                50.34629400821094
              ],
              [
                -5.016647305878418,
                50.56051977725391
              ],
              [
                -4.815270390900391,
                50.60416754336719
              ],
              [
                -4.604564633759278,
                50.77874716372852
              ],
              [
                -4.551536527069825,
                50.99715765567188
              ],
              [
                -4.442557301911133,
                50.96866186709766
              ],
              [
                -4.277284589203614,
                51.063670717195315
              ],
              [
                -4.280993905457276,
                51.18723639102344
              ],
              [
                -3.825231519135254,
                51.234778963044924
              ],
              [
                -3.482996192368287,
                51.181109987214846
              ],
              [
                -3.066043343933838,
                51.177737794832034
              ],
              [
                -3.033148970993775,
                51.32989462466602
              ],
              [
                -2.894663300904053,
                51.39384802432422
              ],
              [
                -2.750154700669068,
                51.644027315095705
              ],
              [
                -3.172751632126587,
                51.46690710635547
              ],
              [
                -3.499117579849976,
                51.45965536685352
              ],
              [
                -4.159330811890381,
                51.67681463809375
              ],
              [
                -4.998957600983399,
                51.70170172305469
              ],
              [
                -5.178603139313477,
                51.787471376375
              ],
              [
                -5.248757806214112,
                51.860213838533205
              ],
              [
                -5.061464276703614,
                52.00643499942188
              ],
              [
                -4.619082894715088,
                52.093516908601565
              ],
              [
                -4.294657674225586,
                52.200320802644534
              ],
              [
                -4.123608317765015,
                52.37326391787891
              ],
              [
                -4.09387489834668,
                52.74550970645313
              ],
              [
                -4.14754601994397,
                52.83189734073047
              ],
              [
                -4.468318429383057,
                52.81130179019336
              ],
              [
                -4.621350255402344,
                52.83098181338672
              ],
              [
                -4.491883244904297,
                52.990977846101565
              ],
              [
                -4.317542043122071,
                53.09120901675586
              ],
              [
                -3.956724610718506,
                53.205150209382815
              ],
              [
                -3.329535689743775,
                53.233016572908205
              ],
              [
                -2.914475407990235,
                53.26714285464649
              ],
              [
                -3.056740966233033,
                53.513614259675784
              ],
              [
                -2.979541268738526,
                53.82085379214649
              ],
              [
                -2.865320411118287,
                54.02827414126758
              ],
              [
                -2.885938134583252,
                54.16866644473438
              ],
              [
                -3.261474337967652,
                54.14118155093555
              ],
              [
                -3.479265180023926,
                54.274600587800784
              ],
              [
                -3.569233384522217,
                54.41502722354297
              ],
              [
                -3.430405822190064,
                54.64308127017383
              ],
              [
                -3.152525153549927,
                54.838058076814455
              ],
              [
                -3.308701720627564,
                54.88473471255664
              ],
              [
                -3.319288161980509,
                54.88630502079788
              ],
              [
                -1.981956508380175,
                55.58968674287802
              ]
            ]
          ]
        ]
      }
    },
    {
      "type": "Feature",
      "properties": {
        "NAME": "Portugal",
        "ABBREVN": "Portugal",
        "SUBJECTO": "Portugal",
        "BORDERPRECISION": 1,
        "PARTOF": "Portugal"
      },
      "geometry": {
        "type": "MultiPolygon",
        "coordinates": [
          [
            [
              [
                -7.491503682526368,
                37.20815619082813
              ],
              [
                -7.603436437042969,
                37.16297873111133
              ],
              [
                -7.836042371186036,
                37.03225287051563
              ],
              [
                -8.033637967499512,
                37.00878866763477
              ],
              [
                -8.28023907223584,
                37.088580690339846
              ],
              [
                -8.541073766144532,
                37.088580690339846
              ],
              [
                -8.667059865387696,
                37.12144049258594
              ],
              [
                -8.990849461945313,
                36.990008912996096
              ],
              [
                -9.016643491181153,
                37.069800935701174
              ],
              [
                -8.841511693390625,
                37.52514608950977
              ],
              [
                -8.851028409394043,
                37.91018255801563
              ],
              [
                -8.932785954865235,
                37.96184118838672
              ],
              [
                -8.822993245514649,
                38.206073366121096
              ],
              [
                -8.84730335751416,
                38.384566865876955
              ],
              [
                -8.788920369538086,
                38.43598135562305
              ],
              [
                -8.853651967438477,
                38.4996410235918
              ],
              [
                -9.022322621735352,
                38.46102102847461
              ],
              [
                -9.236570325287598,
                38.41744955630664
              ],
              [
                -9.285158124359864,
                38.61946829409961
              ],
              [
                -9.069152799042481,
                38.64295919986133
              ],
              [
                -8.941892590912598,
                38.74191626162891
              ],
              [
                -8.960826840790528,
                38.81846197696094
              ],
              [
                -9.040849652680176,
                38.92018087954883
              ],
              [
                -9.175754514130372,
                38.73223074527149
              ],
              [
                -9.361637082489747,
                38.671145997957034
              ],
              [
                -9.522397008332032,
                38.6899371966875
              ],
              [
                -9.549007382782715,
                38.77451666446094
              ],
              [
                -9.459762540253418,
                38.95307882876758
              ],
              [
                -9.397706952484864,
                39.23036154361133
              ],
              [
                -9.415269818695801,
                39.366675935701174
              ],
              [
                -9.299269643219727,
                39.417735658601565
              ],
              [
                -9.11792274990918,
                39.64403494449024
              ],
              [
                -8.915585484894532,
                40.13814886660938
              ],
              [
                -8.969669309052247,
                40.19001730533008
              ],
              [
                -8.694069829376954,
                40.992171846345705
              ],
              [
                -8.851777997406739,
                41.40782888980274
              ],
              [
                -8.854754414948243,
                41.59685095401172
              ],
              [
                -8.920735326203125,
                41.76702078433399
              ],
              [
                -8.806055035980958,
                41.889178834871096
              ],
              [
                -8.405047383698243,
                42.00213583560352
              ],
              [
                -8.15726133862378,
                42.087039552644534
              ],
              [
                -7.918560948761719,
                41.8891673907793
              ],
              [
                -7.098435845764893,
                41.86795385928516
              ],
              [
                -6.85951849499585,
                41.98491247744922
              ],
              [
                -6.708704438599366,
                41.96004446597461
              ],
              [
                -6.586079564484375,
                41.857921205476565
              ],
              [
                -6.518426862152833,
                41.74909933658008
              ],
              [
                -6.139497723969239,
                41.526439271882815
              ],
              [
                -6.11153790036084,
                41.41746100039844
              ],
              [
                -6.241148915680665,
                41.320479951814455
              ],
              [
                -6.796627965363282,
                41.09282644839649
              ],
              [
                -6.834448781403321,
                41.06053503604297
              ],
              [
                -6.857170548828858,
                40.8615795001543
              ],
              [
                -6.824864831360596,
                40.656566225007815
              ],
              [
                -6.884172883423584,
                40.214034639314455
              ],
              [
                -6.858675923737305,
                39.79192312808399
              ],
              [
                -6.878323045166749,
                39.702395997957034
              ],
              [
                -7.084203687104004,
                39.59907492251758
              ],
              [
                -7.301257100495118,
                39.578712068513674
              ],
              [
                -7.43099876919629,
                39.5205150470293
              ],
              [
                -7.211435761841553,
                39.29820593448047
              ],
              [
                -7.006874528321045,
                39.05031546206836
              ],
              [
                -6.933383431824463,
                38.961349092439455
              ],
              [
                -7.08942457714917,
                38.79450186343555
              ],
              [
                -7.317340817841309,
                38.49962576480274
              ],
              [
                -7.393876519593018,
                38.294986329988284
              ],
              [
                -7.028099027069825,
                38.239581666902346
              ],
              [
                -6.844775166901368,
                38.10021170230274
              ],
              [
                -7.242514577301758,
                37.810897432283205
              ],
              [
                -7.351443734558838,
                37.64443548770313
              ],
              [
                -7.487998452576416,
                37.216353975251955
              ],
              [
                -7.491503682526368,
                37.20815619082813
              ]
            ]
          ]
        ]
      }
    },
    {
      "type": "Feature",
      "properties": {
        "NAME": "Papal States",
        "ABBREVN": "Papal States",
        "SUBJECTO": "Papal States",
        "BORDERPRECISION": 1,
        "PARTOF": "Papal States"
      },
      "geometry": {
        "type": "MultiPolygon",
        "coordinates": [
          [
            [
              [
                12.37776521272152,
                44.73152979882409
              ],
              [
                12.273584398833496,
                44.67263754458789
              ],
              [
                12.280731234160644,
                44.55012472720508
              ],
              [
                12.34507659396289,
                44.30104025454883
              ],
              [
                12.508117008152919,
                44.131458089893975
              ],
              [
                12.697230372039062,
                43.934756837800784
              ],
              [
                13.600871119109375,
                43.53480490298633
              ],
              [
                13.731556925383789,
                43.37416037173633
              ],
              [
                13.791634592620117,
                43.12334402652149
              ],
              [
                13.915090593901855,
                42.87276419253711
              ],
              [
                14.076401988875073,
                42.6337763953921
              ],
              [
                13.995834610879957,
                42.6134316006679
              ],
              [
                13.929417804058488,
                42.53041059214106
              ],
              [
                13.829792593826284,
                42.5636189955518
              ],
              [
                13.829792593826284,
                42.48059798702496
              ],
              [
                13.763375787004811,
                42.463993785319595
              ],
              [
                13.71356318188871,
                42.39757697849812
              ],
              [
                13.630542173361873,
                42.53041059214106
              ],
              [
                13.547521164835034,
                42.430785381908855
              ],
              [
                13.414687551192095,
                42.36436857508738
              ],
              [
                13.464500156308198,
                42.231534961444446
              ],
              [
                13.414687551192095,
                42.19832655803371
              ],
              [
                13.580729568245768,
                42.09870134780151
              ],
              [
                13.580729568245768,
                42.048888742685406
              ],
              [
                13.630542173361873,
                42.01568033927467
              ],
              [
                13.630542173361873,
                41.93265933074783
              ],
              [
                13.564125366540402,
                41.86624252392636
              ],
              [
                13.597333769951138,
                41.79982571710489
              ],
              [
                13.64714637506724,
                41.750013111988785
              ],
              [
                13.64714637506724,
                41.79982571710489
              ],
              [
                13.863000997237016,
                41.750013111988785
              ],
              [
                13.863000997237016,
                41.783221515399525
              ],
              [
                13.929417804058488,
                41.750013111988785
              ],
              [
                13.879605198942386,
                41.66699210346195
              ],
              [
                13.879605198942386,
                41.63378370005122
              ],
              [
                13.929417804058488,
                41.63378370005122
              ],
              [
                13.96262620746922,
                41.517554288113644
              ],
              [
                13.96262620746922,
                41.46774168299754
              ],
              [
                14.029043014290693,
                41.40132487617607
              ],
              [
                13.995834610879957,
                41.35151227105997
              ],
              [
                13.97923040917459,
                41.334908069354604
              ],
              [
                13.813188392120914,
                41.318303867649234
              ],
              [
                13.760507236170481,
                41.20669841632788
              ],
              [
                13.498390230742675,
                41.301864229158205
              ],
              [
                13.271446261016113,
                41.31423910708789
              ],
              [
                12.97677710970996,
                41.371375642732424
              ],
              [
                12.641516718474609,
                41.53109701724414
              ],
              [
                12.394848856536132,
                41.72954901309375
              ],
              [
                11.963433298674804,
                42.00474127383594
              ],
              [
                11.960132972376597,
                42.00737273955097
              ],
              [
                12.019934607941227,
                42.09870134780151
              ],
              [
                12.003330406235861,
                42.248139163149816
              ],
              [
                12.06974721305733,
                42.29795176826592
              ],
              [
                12.053143011351963,
                42.53041059214106
              ],
              [
                12.129717682746126,
                42.596046024764625
              ],
              [
                12.169372423289534,
                42.630035802373264
              ],
              [
                12.152768221584168,
                42.696452609194736
              ],
              [
                12.185976624994902,
                42.912307231364515
              ],
              [
                12.169372423289534,
                42.912307231364515
              ],
              [
                12.152768221584168,
                43.06174504671282
              ],
              [
                12.219185028405636,
                43.2277870637665
              ],
              [
                12.302206036932475,
                43.2775996688826
              ],
              [
                12.302206036932475,
                43.344016475704066
              ],
              [
                12.219185028405636,
                43.344016475704066
              ],
              [
                12.119559818173432,
                43.47685008934701
              ],
              [
                12.102955616468066,
                43.60968370298995
              ],
              [
                12.119559818173432,
                43.74251731663289
              ],
              [
                12.219185028405636,
                43.8919551319812
              ],
              [
                12.169372423289534,
                43.8919551319812
              ],
              [
                12.086351414762698,
                43.842142526865096
              ],
              [
                12.036538809646595,
                43.92516353539193
              ],
              [
                12.053143011351963,
                44.07460135074024
              ],
              [
                12.053143011351963,
                44.10780975415097
              ],
              [
                12.086351414762698,
                44.17422656097244
              ],
              [
                12.019934607941227,
                44.17422656097244
              ],
              [
                11.936913599414389,
                44.09120555244561
              ],
              [
                11.887100994298287,
                44.25724756949928
              ],
              [
                11.903705196003656,
                44.32366437632075
              ],
              [
                11.853892590887554,
                44.35687277973149
              ],
              [
                11.80407998577145,
                44.34026857802612
              ],
              [
                11.73766317894998,
                44.35687277973149
              ],
              [
                11.687850573833877,
                44.25724756949928
              ],
              [
                11.704454775539245,
                44.224039166088545
              ],
              [
                11.555016960190937,
                44.19083076267781
              ],
              [
                11.571621161896305,
                44.224039166088545
              ],
              [
                11.455391749958732,
                44.27385177120465
              ],
              [
                11.289349732905057,
                44.224039166088545
              ],
              [
                11.322558136315791,
                44.15762235926707
              ],
              [
                11.201986087009125,
                44.142550853103735
              ],
              [
                11.139911917556748,
                44.34026857802612
              ],
              [
                11.289349732905057,
                44.37347698143685
              ],
              [
                11.289349732905057,
                44.456497989963694
              ],
              [
                11.173120320967485,
                44.605935805312
              ],
              [
                11.256141329494323,
                44.78858202407104
              ],
              [
                11.33916233802116,
                44.85499883089251
              ],
              [
                11.169817827810615,
                45.067184016221326
              ],
              [
                11.239537127788955,
                45.07085345306229
              ],
              [
                11.604829565307039,
                44.904811436008615
              ],
              [
                11.770871582360714,
                45.07085345306229
              ],
              [
                11.887100994298287,
                45.087457654767654
              ],
              [
                11.970122002825125,
                45.03764504965155
              ],
              [
                12.053143011351963,
                45.02104084794619
              ],
              [
                12.036538809646595,
                45.137270259883756
              ],
              [
                12.1361640198788,
                45.104061856473024
              ],
              [
                12.37776521272152,
                44.73152979882409
              ]
            ]
          ]
        ]
      }
    },
    {
      "type": "Feature",
      "properties": {
        "NAME": "France",
        "ABBREVN": "France",
        "SUBJECTO": "France",
        "BORDERPRECISION": 1,
        "PARTOF": "France"
      },
      "geometry": {
        "type": "MultiPolygon",
        "coordinates": [
          [
            [
              [
                1.986621837213834,
                50.21967208721954
              ],
              [
                1.986621837213834,
                50.08157438896726
              ],
              [
                2.14773581850816,
                50.058558105925215
              ],
              [
                2.400914931970674,
                50.196655804177496
              ],
              [
                2.677110328475234,
                50.1506232380934
              ],
              [
                2.907273158895701,
                49.94347669071498
              ],
              [
                3.482680234946868,
                49.920460407672934
              ],
              [
                3.820330011313015,
                50.039445521196306
              ],
              [
                4.25521547314937,
                49.88723560955358
              ],
              [
                5.361129202599225,
                49.69675577726925
              ],
              [
                5.909256214734315,
                49.200859868256885
              ],
              [
                5.903866258970996,
                49.19576772523377
              ],
              [
                5.611623228616965,
                49.209684060012535
              ],
              [
                5.722953906847073,
                48.959190033994794
              ],
              [
                5.87603358941347,
                49.070520712224905
              ],
              [
                6.00128060242234,
                48.90352469487974
              ],
              [
                5.83428458507718,
                48.77827768187087
              ],
              [
                6.015196937201104,
                48.653030668862
              ],
              [
                5.945615263307287,
                48.34687130372921
              ],
              [
                6.237858293661318,
                48.29120596461415
              ],
              [
                6.251774628440081,
                47.95721392992383
              ],
              [
                6.098694945873683,
                48.02679560381765
              ],
              [
                6.056945941537394,
                47.95721392992383
              ],
              [
                5.95953159808605,
                47.98504659948136
              ],
              [
                5.95953159808605,
                47.80413424735743
              ],
              [
                5.820368250298417,
                47.73455257346362
              ],
              [
                5.917782593749759,
                47.59538922567598
              ],
              [
                5.792535580740889,
                47.5118912170034
              ],
              [
                5.778619245962126,
                47.358811534437
              ],
              [
                5.736870241625835,
                47.233564521428136
              ],
              [
                5.667288567732019,
                47.10831750841926
              ],
              [
                5.793872737848062,
                46.99723694590705
              ],
              [
                5.757015581895596,
                46.88666547804965
              ],
              [
                5.646444114038196,
                46.84980832209718
              ],
              [
                5.625539563395728,
                46.64907846072007
              ],
              [
                5.739656950049963,
                46.59782978772308
              ],
              [
                5.724926528903053,
                46.4799864185478
              ],
              [
                5.645716162577157,
                46.4567227963447
              ],
              [
                5.415587684817945,
                46.52417768198853
              ],
              [
                5.268283473348847,
                46.31795178593179
              ],
              [
                5.533431053993224,
                46.096995468728146
              ],
              [
                5.533431053993224,
                46.008612941846685
              ],
              [
                5.356666000230306,
                46.052804205287416
              ],
              [
                5.356666000230306,
                45.876039151524495
              ],
              [
                5.607083159727774,
                45.84657830923068
              ],
              [
                5.823360340496054,
                45.39624171880529
              ],
              [
                5.934538658337518,
                45.32212284024432
              ],
              [
                5.946891804764347,
                45.26035710811017
              ],
              [
                6.058070122605811,
                45.22329766882968
              ],
              [
                6.033363829752153,
                45.334475986671144
              ],
              [
                6.082776415459469,
                45.371535425951635
              ],
              [
                6.144542147593617,
                45.32212284024432
              ],
              [
                6.218661026154592,
                45.34682913309798
              ],
              [
                6.26807361186191,
                45.32212284024432
              ],
              [
                6.24336731900825,
                45.29741654739066
              ],
              [
                6.280426758288739,
                45.19859137597602
              ],
              [
                6.507319483367187,
                45.115707002595705
              ],
              [
                6.665318045226318,
                44.95452078433399
              ],
              [
                6.942603621093017,
                44.86865194888477
              ],
              [
                7.003469976989013,
                44.71953543277149
              ],
              [
                6.924694094268066,
                44.71501883120899
              ],
              [
                6.782917532531005,
                44.54787405581836
              ],
              [
                6.869778189269287,
                44.34917028994922
              ],
              [
                6.786905761788741,
                44.296811686817485
              ],
              [
                6.786905761788741,
                44.197986515402846
              ],
              [
                6.836318347496059,
                44.11151449041504
              ],
              [
                6.885730933203376,
                44.14857392969553
              ],
              [
                6.935143518910694,
                44.1362207832687
              ],
              [
                6.972202958191182,
                44.062101904707724
              ],
              [
                6.996909251044841,
                44.04974875828089
              ],
              [
                6.922790372483864,
                43.97562987971992
              ],
              [
                6.959849811764352,
                43.91386414758577
              ],
              [
                6.885730933203376,
                43.901511001158944
              ],
              [
                6.922790372483864,
                43.81503897617114
              ],
              [
                7.355150497422891,
                43.901511001158944
              ],
              [
                7.397118601409179,
                43.76409491153125
              ],
              [
                7.297616514769775,
                43.667300783113284
              ],
              [
                6.923080000487548,
                43.44766577334766
              ],
              [
                6.523014101592285,
                43.15085180850391
              ],
              [
                6.331224951354248,
                43.11186941714649
              ],
              [
                6.18777850588916,
                43.092288576082034
              ],
              [
                5.828570398894531,
                43.020816408113284
              ],
              [
                5.646554979888183,
                43.03331717105274
              ],
              [
                5.434490236846191,
                43.103656373933596
              ],
              [
                5.051816973296386,
                43.32809790225391
              ],
              [
                4.909845861998779,
                43.366439424470705
              ],
              [
                4.750594648925048,
                43.35325964541797
              ],
              [
                4.646513971892578,
                43.320865236238284
              ],
              [
                4.416764769164306,
                43.34614523501758
              ],
              [
                4.078196081725341,
                43.48708685489063
              ],
              [
                3.807468924132568,
                43.467227540925784
              ],
              [
                3.478712830153686,
                43.31209524722461
              ],
              [
                3.317868027297241,
                43.19595297427539
              ],
              [
                3.067900213805419,
                42.944564424470705
              ],
              [
                3.001891169158203,
                42.77080877871875
              ],
              [
                3.039267615601351,
                42.8691948199401
              ],
              [
                2.948875128434636,
                42.882970675163364
              ],
              [
                2.824998419760575,
                42.849753178372794
              ],
              [
                2.701121711086515,
                42.73002220618929
              ],
              [
                2.489624891399095,
                42.71892429041346
              ],
              [
                2.48056074198392,
                42.68561863167925
              ],
              [
                2.272085305434892,
                42.69006041846055
              ],
              [
                2.102887849684956,
                42.61450685035179
              ],
              [
                1.728236340524384,
                42.501004432498135
              ],
              [
                1.731257723662776,
                42.54553979026787
              ],
              [
                1.79168538643061,
                42.57892047388559
              ],
              [
                1.755428788769909,
                42.596716202383234
              ],
              [
                1.577167183604798,
                42.64785062076061
              ],
              [
                1.45631185806913,
                42.61895371848023
              ],
              [
                1.320455842331296,
                42.60500633270455
              ],
              [
                1.307450089064819,
                42.63517340274219
              ],
              [
                0.744199428168518,
                42.77189215274219
              ],
              [
                0.584142002669555,
                42.77189215274219
              ],
              [
                0.591923627463562,
                42.628333650544924
              ],
              [
                0.347843679991943,
                42.63517340274219
              ],
              [
                0.196265372840148,
                42.607825838044924
              ],
              [
                0.179550382701141,
                42.66251715274219
              ],
              [
                -0.165626824440974,
                42.64883764834766
              ],
              [
                -0.203663793,
                42.70031317325
              ],
              [
                -0.216141254248637,
                42.717200838044924
              ],
              [
                -0.409914609583634,
                42.785567842439455
              ],
              [
                -0.46883657256009,
                42.75139196963672
              ],
              [
                -0.586789485605973,
                42.765060029939455
              ],
              [
                -0.611982133778351,
                42.73087652774219
              ],
              [
                -0.840018358620423,
                42.90865286441211
              ],
              [
                -0.907353666218537,
                42.881297670320315
              ],
              [
                -1.397272315415162,
                43.031756959871096
              ],
              [
                -1.44755240956189,
                42.98387869449024
              ],
              [
                -1.515127864273804,
                42.997562013582034
              ],
              [
                -1.557671156319397,
                43.04543264956836
              ],
              [
                -1.465651359947937,
                43.15488775821094
              ],
              [
                -1.491382804306763,
                43.20962103457813
              ],
              [
                -1.702391829880494,
                43.19593771548633
              ],
              [
                -1.914577808769959,
                43.3054157123125
              ],
              [
                -1.746070232781189,
                43.36016043277149
              ],
              [
                -1.561407771500367,
                43.524425111726565
              ],
              [
                -1.314379182251709,
                44.558963380769534
              ],
              [
                -1.135849919708985,
                44.600101076082034
              ],
              [
                -1.230320539864319,
                44.730411134675784
              ],
              [
                -1.331778016480225,
                44.61382635684375
              ],
              [
                -1.275514092835206,
                45.12873037906055
              ],
              [
                -1.175191727074402,
                45.50050314517383
              ],
              [
                -1.123440351876038,
                45.431617341951174
              ],
              [
                -0.900364187153595,
                45.29391058535938
              ],
              [
                -0.814226653965729,
                45.12184103579883
              ],
              [
                -0.728486028107422,
                45.01864203067188
              ],
              [
                -0.854702380093354,
                45.321448884919924
              ],
              [
                -1.138394918831604,
                45.58316382022266
              ],
              [
                -1.247395124825257,
                45.688148103669924
              ],
              [
                -1.236505594643372,
                45.8000446185625
              ],
              [
                -1.075199690254944,
                46.01461752505664
              ],
              [
                -1.165981498154419,
                46.18368109317188
              ],
              [
                -1.256056633385437,
                46.30683096499805
              ],
              [
                -1.402668443115967,
                46.403934083894534
              ],
              [
                -1.710726466568726,
                46.44879110904102
              ],
              [
                -1.942478146942872,
                46.70579870791797
              ],
              [
                -2.129660334976929,
                46.85084494204883
              ],
              [
                -2.004645553025025,
                47.04250296206836
              ],
              [
                -2.109477606209534,
                47.124042116121096
              ],
              [
                -2.263749804886597,
                47.18288382144336
              ],
              [
                -2.493711915406006,
                47.24692114444141
              ],
              [
                -2.576483931931275,
                47.324866853669924
              ],
              [
                -2.575529757440609,
                47.32396831560688
              ],
              [
                -2.010361521016347,
                47.745650369834415
              ],
              [
                -1.75196905427781,
                48.17821145459153
              ],
              [
                -1.99910926906585,
                48.67695685862887
              ],
              [
                -1.870566811951416,
                48.711742006257815
              ],
              [
                -1.857612696083802,
                48.60836752505664
              ],
              [
                -1.591356840523499,
                48.63750036807422
              ],
              [
                -1.456587758454102,
                48.683551393464846
              ],
              [
                -1.575547900589722,
                48.76814230533008
              ],
              [
                -1.588412251862305,
                48.88095053286914
              ],
              [
                -1.563408580216187,
                49.036239229158205
              ],
              [
                -1.579779472740906,
                49.2290111407793
              ],
              [
                -1.638999786766785,
                49.219607912019534
              ],
              [
                -1.891543593796509,
                49.526351533845705
              ],
              [
                -1.941284146698731,
                49.70930441470508
              ],
              [
                -1.52424713650586,
                49.65277060122852
              ],
              [
                -1.250969496163147,
                49.69987829776172
              ],
              [
                -1.288660493286866,
                49.520972810701174
              ],
              [
                -1.177143421562928,
                49.33254965396289
              ],
              [
                -1.023191001805085,
                49.39845999331836
              ],
              [
                -0.464948442372101,
                49.35137899966602
              ],
              [
                -0.239364930036086,
                49.28548773379688
              ],
              [
                -0.203663793,
                49.291812501863284
              ],
              [
                0.032870042530281,
                49.33370550723438
              ],
              [
                0.330848249999267,
                49.45495565982227
              ],
              [
                0.090372207967025,
                49.51055487246875
              ],
              [
                0.115054044333679,
                49.60227545352344
              ],
              [
                0.189372840729934,
                49.681026063875
              ],
              [
                0.528559717742187,
                49.8258014545
              ],
              [
                0.868757519332153,
                49.90724905581836
              ],
              [
                1.274518880454284,
                50.00430258365039
              ],
              [
                1.416228327361328,
                50.10984381289844
              ],
              [
                1.551989111510498,
                50.22880896182422
              ],
              [
                1.528296861258728,
                50.57772787661914
              ],
              [
                1.58892014941333,
                50.821883760408205
              ],
              [
                1.796177011925293,
                50.92141446442835
              ],
              [
                1.825507855919507,
                50.24268837026159
              ],
              [
                1.986621837213834,
                50.21967208721954
              ]
            ]
          ]
        ]
      }
    },
    {
      "type": "Feature",
      "properties": {
        "NAME": "Venice",
        "ABBREVN": "Venice",
        "SUBJECTO": "Venice",
        "BORDERPRECISION": 1,
        "PARTOF": "Venice"
      },
      "geometry": {
        "type": "MultiPolygon",
        "coordinates": [
          [
            [
              [
                16.701476130095703,
                43.84666021914844
              ],
              [
                16.711520227996093,
                43.77132757754688
              ],
              [
                16.639813456145507,
                43.38973578067188
              ],
              [
                16.548510584441406,
                43.461314760164065
              ],
              [
                16.366747889128906,
                43.51302298159961
              ],
              [
                16.059407267180664,
                43.4334789142168
              ],
              [
                15.912835154143554,
                43.65224798770313
              ],
              [
                15.494369067245392,
                43.88844455774298
              ],
              [
                15.74978183631155,
                44.097822898857096
              ],
              [
                16.184667298147904,
                43.907560509303686
              ],
              [
                16.701476130095703,
                43.84666021914844
              ]
            ]
          ],
          [
            [
              [
                17.30407422969127,
                43.07620747861257
              ],
              [
                17.075087580291015,
                43.22274740786914
              ],
              [
                16.992262873259765,
                43.32271536441211
              ],
              [
                17.054438221820618,
                43.472675047467334
              ],
              [
                17.163159587279704,
                43.39113402337301
              ],
              [
                17.32624163546834,
                43.33677334064347
              ],
              [
                17.30407422969127,
                43.07620747861257
              ]
            ]
          ],
          [
            [
              [
                13.606337580291015,
                46.13213690371875
              ],
              [
                13.500387806353855,
                45.940027500065376
              ],
              [
                13.367695841399414,
                45.69448813052539
              ],
              [
                13.156165155974609,
                45.72652395816211
              ],
              [
                13.10460856875537,
                45.58238562198047
              ],
              [
                12.898650202361328,
                45.55837210269336
              ],
              [
                12.448155436125976,
                45.39428671450977
              ],
              [
                12.48321250399707,
                45.46231421084766
              ],
              [
                12.279743227568847,
                45.40228994937305
              ],
              [
                12.251417193022949,
                45.29028280825977
              ],
              [
                12.180371317473632,
                45.27027853579883
              ],
              [
                12.176189455596191,
                45.21429022403125
              ],
              [
                12.312513384429199,
                45.178294740632815
              ],
              [
                12.322136911956054,
                45.0423656329668
              ],
              [
                12.408988031951171,
                44.9890094623125
              ],
              [
                12.523090395537597,
                44.88275106997852
              ],
              [
                12.47604468783496,
                44.787086091951174
              ],
              [
                12.37776521272152,
                44.73152979882409
              ],
              [
                12.1361640198788,
                45.104061856473024
              ],
              [
                12.036538809646595,
                45.137270259883756
              ],
              [
                12.053143011351963,
                45.02104084794619
              ],
              [
                11.970122002825125,
                45.03764504965155
              ],
              [
                11.887100994298287,
                45.087457654767654
              ],
              [
                11.770871582360714,
                45.07085345306229
              ],
              [
                11.604829565307039,
                44.904811436008615
              ],
              [
                11.239537127788955,
                45.07085345306229
              ],
              [
                11.169817827810615,
                45.067184016221326
              ],
              [
                10.856080977908093,
                45.05067155043698
              ],
              [
                10.824432085154767,
                45.353124882053535
              ],
              [
                10.67499426980646,
                45.353124882053535
              ],
              [
                10.376652918577285,
                45.3743828896956
              ],
              [
                9.997694467681434,
                45.40138518626623
              ],
              [
                9.92205692089939,
                45.666116600003384
              ],
              [
                9.846419374117344,
                45.70393537339441
              ],
              [
                9.506050413598146,
                45.514841506439296
              ],
              [
                9.695144280553256,
                45.779572920176456
              ],
              [
                9.58168796038019,
                45.89302924034952
              ],
              [
                9.544866594878417,
                46.31158407779102
              ],
              [
                9.642048868743164,
                46.32522162051563
              ],
              [
                9.67374041995166,
                46.37979086490039
              ],
              [
                9.884957346526367,
                46.402530275300784
              ],
              [
                9.994528803435546,
                46.25247534366016
              ],
              [
                10.097109827605468,
                46.438914857820315
              ],
              [
                9.987427744475585,
                46.4980541095293
              ],
              [
                10.023653063384277,
                46.62089880557422
              ],
              [
                10.151240381804687,
                46.66186483950977
              ],
              [
                10.23034385165332,
                46.58925589175586
              ],
              [
                10.372107538787109,
                46.566302858308596
              ],
              [
                10.389193567839843,
                46.65275915713672
              ],
              [
                10.338723215666992,
                46.74834784121875
              ],
              [
                10.395699534026367,
                46.88741263003711
              ],
              [
                10.558315868167236,
                46.71790650888628
              ],
              [
                10.558315868167236,
                46.312877109259034
              ],
              [
                10.457058518260423,
                46.21161975935222
              ],
              [
                10.524563418198298,
                45.73908545978709
              ],
              [
                10.65957321807405,
                45.806590359724964
              ],
              [
                10.7945830179498,
                45.63782810988028
              ],
              [
                10.929592817825549,
                45.84034280969391
              ],
              [
                11.165859967608114,
                45.73908545978709
              ],
              [
                11.233364867545989,
                46.00910505953859
              ],
              [
                11.3346222174528,
                46.00910505953859
              ],
              [
                11.570889367235365,
                45.975352609569654
              ],
              [
                11.570889367235365,
                46.245372209321154
              ],
              [
                11.908413866924741,
                46.414134459165844
              ],
              [
                11.739651617080053,
                46.751658958855224
              ],
              [
                12.074753794280273,
                46.92750509829883
              ],
              [
                12.217808756438476,
                46.88431891055469
              ],
              [
                12.328428349573102,
                46.967498804640286
              ],
              [
                12.407154703364085,
                46.96407591969285
              ],
              [
                12.697675849654708,
                46.9514445655063
              ],
              [
                13.291682697612078,
                47.06382423944418
              ],
              [
                13.516442045487839,
                46.99960728290825
              ],
              [
                13.58065900202377,
                46.83906489156842
              ],
              [
                13.709092915095635,
                46.83906489156842
              ],
              [
                13.725147154229617,
                46.646414021960624
              ],
              [
                13.6211014123833,
                46.420882783845705
              ],
              [
                13.606337580291015,
                46.13213690371875
              ]
            ]
          ],
          [
            [
              [
                14.354488405791503,
                45.32289084048633
              ],
              [
                14.238621744719726,
                45.062354646638674
              ],
              [
                14.17460826357959,
                45.010387025789065
              ],
              [
                14.188512835112792,
                44.94254644961719
              ],
              [
                14.060400042144042,
                44.89470251651172
              ],
              [
                13.991256746855957,
                44.783099733308596
              ],
              [
                13.895102533904296,
                44.75918158145313
              ],
              [
                13.672059092131835,
                45.050357423738284
              ],
              [
                13.64358905276416,
                45.179088197664065
              ],
              [
                13.526890787688476,
                45.45431097598438
              ],
              [
                13.556276354399902,
                45.4596019610918
              ],
              [
                13.749085459319335,
                45.49433096499805
              ],
              [
                13.799984011260253,
                45.56637152285938
              ],
              [
                13.67318061312793,
                45.71450766177539
              ],
              [
                14.075900831918274,
                45.6780045091564
              ],
              [
                14.219392167703536,
                45.47711663905704
              ],
              [
                13.989806030447117,
                45.419720104742936
              ],
              [
                14.075900831918274,
                45.27622876895767
              ],
              [
                14.354488405791503,
                45.32289084048633
              ]
            ]
          ]
        ]
      }
    },
    {
      "type": "Feature",
      "properties": {
        "NAME": "Sweden",
        "ABBREVN": "Sweden",
        "SUBJECTO": "Sweden",
        "BORDERPRECISION": 1,
        "PARTOF": "Sweden"
      },
      "geometry": {
        "type": "MultiPolygon",
        "coordinates": [
          [
            [
              [
                29.510743174163085,
                60.14456518741016
              ],
              [
                28.968979868499023,
                60.10878714175586
              ],
              [
                28.69163421115039,
                60.14997824283008
              ],
              [
                28.569397959319335,
                60.19842108340625
              ],
              [
                28.43523124179004,
                60.33733709903125
              ],
              [
                28.55124762972949,
                60.53264196963672
              ],
              [
                28.52150824984668,
                60.62326391787891
              ],
              [
                28.431775126067382,
                60.60346945376758
              ],
              [
                28.01143744906543,
                60.51073034854297
              ],
              [
                27.473618540374023,
                60.42607840152149
              ],
              [
                27.40622046908496,
                60.34481772036914
              ],
              [
                27.178481134978515,
                60.442393861726565
              ],
              [
                26.945570978728515,
                60.37631186099414
              ],
              [
                26.922308954802734,
                60.31612356753711
              ],
              [
                26.61307624301074,
                60.34783133120899
              ],
              [
                26.52587607821582,
                60.396468721345705
              ],
              [
                26.55163863619922,
                60.570697389558596
              ],
              [
                26.442835840789062,
                60.33334311099414
              ],
              [
                26.322712931243164,
                60.270240388826174
              ],
              [
                26.037745508757812,
                60.24929770083789
              ],
              [
                25.890101465789062,
                60.2358356341875
              ],
              [
                25.845532450286132,
                60.115481935457034
              ],
              [
                25.58054450472949,
                60.2623363360918
              ],
              [
                25.4498949380791,
                60.13839682193164
              ],
              [
                25.14579108676074,
                60.1097484454668
              ],
              [
                24.992980036345703,
                60.02957113833789
              ],
              [
                24.969470057097656,
                60.08683355899219
              ],
              [
                24.742980036345703,
                60.03823050113086
              ],
              [
                24.515957865325195,
                59.9894977435625
              ],
              [
                24.421050104705078,
                59.86975058169727
              ],
              [
                24.281357798186523,
                59.938148103669924
              ],
              [
                23.9789476724541,
                59.881148897126955
              ],
              [
                23.961113962737304,
                59.932452760652346
              ],
              [
                23.66465667208789,
                59.83555182071094
              ],
              [
                23.41885474642871,
                59.82984884829883
              ],
              [
                23.201441797820312,
                59.818458162263674
              ],
              [
                22.982125315276367,
                59.932452760652346
              ],
              [
                22.882000956145507,
                60.05556448550586
              ],
              [
                23.005200419036132,
                60.208758912996096
              ],
              [
                22.624615702239257,
                60.20110281558399
              ],
              [
                22.39206603488086,
                60.121200166658205
              ],
              [
                22.421467814055664,
                60.29318579287891
              ],
              [
                22.220654520598632,
                60.25876959414844
              ],
              [
                21.93095305880664,
                60.38077124209766
              ],
              [
                21.746808085051757,
                60.40827139468555
              ],
              [
                21.56015113314746,
                60.51248510928516
              ],
              [
                21.443177256194335,
                60.693648897126955
              ],
              [
                21.42725661715625,
                61.01509817691211
              ],
              [
                21.498307261077148,
                61.183272920564455
              ],
              [
                21.52078917941211,
                61.37956961245899
              ],
              [
                21.56100562533496,
                61.48492010684375
              ],
              [
                21.4052172037041,
                61.70243414492969
              ],
              [
                21.21119979342578,
                61.870914064363284
              ],
              [
                21.34644034823535,
                62.167132936433596
              ],
              [
                21.33755591830371,
                62.343604646638674
              ],
              [
                21.2001390787041,
                62.435184083894534
              ],
              [
                21.03372863253711,
                62.477298341707034
              ],
              [
                21.06180671176074,
                62.61173590274219
              ],
              [
                21.194806131926757,
                62.760684572175784
              ],
              [
                21.481284174529296,
                62.888812623933596
              ],
              [
                21.545966181365234,
                62.97405966372852
              ],
              [
                21.494656595793945,
                63.123031221345705
              ],
              [
                21.666478190032226,
                63.18730505557422
              ],
              [
                21.951323542205078,
                63.13101538272266
              ],
              [
                22.07504371127246,
                63.102820955232424
              ],
              [
                22.292357477751953,
                63.20269354434375
              ],
              [
                22.42877486666797,
                63.39496573062305
              ],
              [
                22.475831064788085,
                63.60161551089649
              ],
              [
                22.569018396941406,
                63.72301443667774
              ],
              [
                22.704222712126953,
                63.58064230533008
              ],
              [
                22.825530085173828,
                63.58087881656055
              ],
              [
                23.58028510531543,
                64.08205755801563
              ],
              [
                24.094035181609375,
                64.37656744571095
              ],
              [
                24.470093760100585,
                64.63552435489063
              ],
              [
                24.93191626986621,
                64.81603582950001
              ],
              [
                25.325089487639648,
                64.80239447207813
              ],
              [
                25.35190490206836,
                64.93909796328907
              ],
              [
                25.29341414889453,
                65.00389441104298
              ],
              [
                25.13255980929492,
                65.0759464129961
              ],
              [
                25.186125788298828,
                65.24265631289845
              ],
              [
                25.251507792083007,
                65.4168887958086
              ],
              [
                25.103611979094726,
                65.54012640567188
              ],
              [
                24.591139826384765,
                65.5827823504961
              ],
              [
                24.21480086764453,
                65.7859073504961
              ],
              [
                23.94773200472949,
                65.79668005557423
              ],
              [
                23.844082865325195,
                65.79847296328907
              ],
              [
                23.405688318816406,
                65.72483404727345
              ],
              [
                23.204020533171875,
                65.68075140567188
              ],
              [
                22.7981615396416,
                65.85482367129688
              ],
              [
                22.645554575530273,
                65.93478735537892
              ],
              [
                22.489802393523437,
                65.883418642
              ],
              [
                22.20156959017871,
                65.71528967471485
              ],
              [
                21.95748237094043,
                65.44573553653126
              ],
              [
                21.818726572600585,
                65.38013800235157
              ],
              [
                21.52232840975879,
                65.37231024356251
              ],
              [
                21.27734664401172,
                65.21227606387501
              ],
              [
                21.423712763396484,
                65.10388525576954
              ],
              [
                21.489449534026367,
                65.01716192813282
              ],
              [
                21.329442057219726,
                64.89435156436329
              ],
              [
                20.92119315585254,
                64.71382483096485
              ],
              [
                21.06432250460742,
                64.59199865908985
              ],
              [
                21.237046274749023,
                64.52054174991017
              ],
              [
                21.385829004851562,
                64.38455542178517
              ],
              [
                21.048895868865234,
                64.21916540713673
              ],
              [
                20.866480860320312,
                64.02561529727345
              ],
              [
                20.70065978488086,
                63.818126283601565
              ],
              [
                19.984885248748046,
                63.51726873965625
              ],
              [
                19.670275721160156,
                63.38854178042774
              ],
              [
                19.465012583342773,
                63.48070486636524
              ],
              [
                19.318224939910156,
                63.444827638582034
              ],
              [
                19.075926813689453,
                63.202498994783205
              ],
              [
                18.78499129733203,
                63.138011537507815
              ],
              [
                18.48662475070117,
                62.98124273867969
              ],
              [
                18.388949427214843,
                62.85337408633594
              ],
              [
                18.303191217986328,
                62.789424501375
              ],
              [
                17.967440638152343,
                62.77462347598438
              ],
              [
                17.86816886386035,
                62.788619600251955
              ],
              [
                17.93625548800586,
                62.54800375552539
              ],
              [
                17.718112024871093,
                62.356734834626955
              ],
              [
                17.29024032076953,
                62.44072302432422
              ],
              [
                17.387362513152343,
                62.20076712222461
              ],
              [
                17.496771845427734,
                62.08810003848438
              ],
              [
                17.38697341403125,
                61.65843542666797
              ],
              [
                17.16264251193164,
                61.62990530581836
              ],
              [
                17.06517699679492,
                61.53837927432422
              ],
              [
                17.150189432708007,
                61.19770773501758
              ],
              [
                17.146208796111328,
                60.95282705874805
              ],
              [
                17.317627939788085,
                60.753070436433596
              ],
              [
                17.188498529998046,
                60.674293123201174
              ],
              [
                17.60496428927539,
                60.63753851504688
              ],
              [
                17.706456217375976,
                60.55358084292774
              ],
              [
                17.93074897250293,
                60.590308748201174
              ],
              [
                18.224387201873046,
                60.32296713443164
              ],
              [
                18.416865381804687,
                60.181624971345705
              ],
              [
                18.804085764495117,
                60.10839804263477
              ],
              [
                18.89307120761035,
                59.92568930240039
              ],
              [
                19.03732398470996,
                59.86324270816211
              ],
              [
                19.043551477996093,
                59.71242483706836
              ],
              [
                18.867892298308593,
                59.71242483706836
              ],
              [
                18.639250788298828,
                59.56692846866016
              ],
              [
                18.25142196139453,
                59.43193777652149
              ],
              [
                18.030083689299804,
                59.35928305240039
              ],
              [
                17.795283350554687,
                59.36447485537891
              ],
              [
                17.729952845183593,
                59.41636236758594
              ],
              [
                17.36798385104297,
                59.468265138582034
              ],
              [
                17.070597681609375,
                59.5461498126543
              ],
              [
                16.785538706389648,
                59.577315889314455
              ],
              [
                16.724089655486328,
                59.53057058902149
              ],
              [
                16.523207697478515,
                59.5825153216875
              ],
              [
                16.40757659396289,
                59.44749792666797
              ],
              [
                16.776474985686523,
                59.478656373933596
              ],
              [
                16.99983504733203,
                59.35928305240039
              ],
              [
                17.26577857455371,
                59.33853491397266
              ],
              [
                17.358122858611328,
                59.24517782779102
              ],
              [
                17.57492164095996,
                59.21407278628711
              ],
              [
                17.584412607756835,
                59.2711139545
              ],
              [
                17.86173156222461,
                59.239993654207034
              ],
              [
                17.977635416594726,
                59.32815130801563
              ],
              [
                18.11137870272754,
                59.322974763826174
              ],
              [
                18.32816985568164,
                59.369666658357424
              ],
              [
                18.429560694304687,
                59.33334692569141
              ],
              [
                18.441370997039062,
                59.40079077334766
              ],
              [
                18.515469584075195,
                59.40079077334766
              ],
              [
                18.611327204314453,
                59.33334692569141
              ],
              [
                18.59819510897754,
                59.297042451814455
              ],
              [
                18.273371729460937,
                59.286666475251955
              ],
              [
                18.371960672942382,
                59.15706976504688
              ],
              [
                18.015667948333007,
                59.03791006656055
              ],
              [
                17.940136942473632,
                58.90848883242969
              ],
              [
                17.766465220061523,
                58.87226828189258
              ],
              [
                17.726422342864257,
                58.91366156192188
              ],
              [
                17.745200190154296,
                58.986129365876955
              ],
              [
                17.739108118621093,
                59.110423646882815
              ],
              [
                17.623181376067382,
                59.10007055850391
              ],
              [
                17.582188639250976,
                58.89296682925586
              ],
              [
                17.356675180999023,
                58.74296911807422
              ],
              [
                17.245389017668945,
                58.71711691470508
              ],
              [
                17.08299926241992,
                58.74813421817188
              ],
              [
                17.080731424895507,
                58.64992865176563
              ],
              [
                16.442866358367187,
                58.63442190738086
              ],
              [
                16.51319411715625,
                58.42811544986133
              ],
              [
                16.744044336882812,
                58.31195028872852
              ],
              [
                16.773545298186523,
                58.03790243716602
              ],
              [
                16.72458556613086,
                57.88932379336719
              ],
              [
                16.597764048186523,
                57.86645468325977
              ],
              [
                16.45953086337207,
                57.895206056550784
              ],
              [
                16.476531061736328,
                57.70212896914844
              ],
              [
                16.607205423918945,
                57.66581305117969
              ],
              [
                16.55047896823047,
                57.545150361970705
              ],
              [
                16.658679041472656,
                57.442950807527346
              ],
              [
                16.49415877780078,
                57.27892263980274
              ],
              [
                16.394524607268554,
                57.07430227847461
              ],
              [
                16.376174006072265,
                56.82242163272266
              ],
              [
                16.06315060859225,
                56.39623928206121
              ],
              [
                15.426993333335687,
                56.765740886896175
              ],
              [
                14.484980269853605,
                56.68010333567053
              ],
              [
                14.17541209481496,
                56.81280296459675
              ],
              [
                13.432448474722209,
                56.52387266789401
              ],
              [
                13.226069691363112,
                57.101733261299486
              ],
              [
                12.895863637988557,
                56.977905991284025
              ],
              [
                12.730760611301278,
                57.43193931467404
              ],
              [
                12.52438182794218,
                57.390663558002224
              ],
              [
                12.318003044583083,
                57.679593854704954
              ],
              [
                11.876622233000976,
                57.325206361726565
              ],
              [
                11.88111403903125,
                57.50896414370899
              ],
              [
                11.766084704009277,
                57.672679506257815
              ],
              [
                11.736376188093523,
                57.69820870947779
              ],
              [
                12.48789545729689,
                58.56291949244779
              ],
              [
                12.422772440520507,
                60.03877981753711
              ],
              [
                12.435860666838867,
                60.27809866519336
              ],
              [
                12.547958407012207,
                60.43387182803516
              ],
              [
                12.431030306426269,
                60.62584646792774
              ],
              [
                12.174038920012695,
                60.956405244783205
              ],
              [
                12.597381624785644,
                61.02862127871875
              ],
              [
                12.791736635771972,
                61.32994803042774
              ],
              [
                13.154899574959657,
                62.024227120513196
              ],
              [
                15.049652873247693,
                63.52575508677045
              ],
              [
                16.660709305680115,
                63.75590600568937
              ],
              [
                17.73117869600067,
                64.55875804842978
              ],
              [
                17.329752674630463,
                64.82637539600992
              ],
              [
                18.534030738741084,
                66.43207948149077
              ],
              [
                21.87924758349281,
                66.96731417665103
              ],
              [
                25.62589044961474,
                66.69969682907089
              ],
              [
                26.428742492355155,
                65.62922743875035
              ],
              [
                26.479310468661392,
                65.57182595213246
              ],
              [
                27.23159453509557,
                63.35447998431916
              ],
              [
                28.665709169081737,
                62.20874538640748
              ],
              [
                29.687296900359375,
                60.131000123933596
              ],
              [
                29.510743174163085,
                60.14456518741016
              ]
            ]
          ]
        ]
      }
    },
    {
      "type": "Feature",
      "properties": {
        "NAME": "Ryazan",
        "ABBREVN": "Ryazan",
        "SUBJECTO": "Ryazan",
        "BORDERPRECISION": 1,
        "PARTOF": "Ryazan"
      },
      "geometry": {
        "type": "MultiPolygon",
        "coordinates": [
          [
            [
              [
                43.67309502787673,
                53.476955587188314
              ],
              [
                41.402067907559,
                51.79837032434478
              ],
              [
                40.41466481176869,
                51.35403893123914
              ],
              [
                37.69930629834532,
                52.73640326534558
              ],
              [
                36.86001366692355,
                52.09459125308187
              ],
              [
                36.598201700400395,
                54.25549016659448
              ],
              [
                37.25497490523969,
                54.217507909031056
              ],
              [
                37.45245552439775,
                55.10617069524234
              ],
              [
                38.39048846539855,
                55.05680054045283
              ],
              [
                38.68670939413565,
                55.45176177876895
              ],
              [
                39.37789156118886,
                55.846723017085075
              ],
              [
                40.7602558952953,
                55.45176177876895
              ],
              [
                40.562775276137245,
                54.760579611715734
              ],
              [
                41.9945097650332,
                54.760579611715734
              ],
              [
                43.080653170402556,
                54.90869007608428
              ],
              [
                44.8086085880356,
                54.6618393021367
              ],
              [
                43.67309502787673,
                53.476955587188314
              ]
            ]
          ]
        ]
      }
    },
    {
      "type": "Feature",
      "properties": {
        "NAME": "Georgia",
        "ABBREVN": "Georgia",
        "SUBJECTO": "Georgia",
        "BORDERPRECISION": 1,
        "PARTOF": "Georgia"
      },
      "geometry": {
        "type": "MultiPolygon",
        "coordinates": [
          [
            [
              [
                45.38218596896289,
                42.62306936831836
              ],
              [
                45.29708388766406,
                42.676253877595705
              ],
              [
                45.20135024508593,
                42.676253877595705
              ],
              [
                45.13752654513476,
                42.71880301089649
              ],
              [
                45.03115371188281,
                42.771991334871096
              ],
              [
                44.9779653879082,
                42.771991334871096
              ],
              [
                44.93541625460742,
                42.74007757754688
              ],
              [
                44.871592554656246,
                42.66561850161914
              ],
              [
                44.78649428805468,
                42.729442201570315
              ],
              [
                44.6694822641289,
                42.76135214419727
              ],
              [
                44.509924921599605,
                42.76135214419727
              ],
              [
                44.414187464324215,
                42.729442201570315
              ],
              [
                44.37163833102343,
                42.686893068269534
              ],
              [
                44.2971792550957,
                42.612430177644534
              ],
              [
                44.169531855193355,
                42.612430177644534
              ],
              [
                44.052519831267574,
                42.55924566836719
              ],
              [
                43.95678618868945,
                42.59115561099414
              ],
              [
                42.87842467745898,
                41.54550512881641
              ],
              [
                42.69377807101367,
                41.5637164935625
              ],
              [
                42.35151961764453,
                41.40158041568164
              ],
              [
                42.25010970553515,
                41.368968568757815
              ],
              [
                42.02903655490039,
                41.39981039615039
              ],
              [
                41.48396209200976,
                41.436542116121096
              ],
              [
                41.52111342867968,
                41.46583517642383
              ],
              [
                41.666113886443355,
                41.72915228457813
              ],
              [
                41.6804685922539,
                41.793338380769534
              ],
              [
                41.65183547457812,
                42.120643220857424
              ],
              [
                41.502722773162105,
                42.608478151277346
              ],
              [
                41.40974334200976,
                42.78824194522266
              ],
              [
                41.12255385836718,
                43.019088350251955
              ],
              [
                41.30960614170756,
                43.55716533432493
              ],
              [
                43.61690948985557,
                43.77276186641766
              ],
              [
                45.38218596896289,
                42.62306936831836
              ]
            ]
          ]
        ]
      }
    },
    {
      "type": "Feature",
      "properties": {
        "NAME": "Teutonic Knights",
        "ABBREVN": "TeutonicLand",
        "SUBJECTO": "Teutonic Knights",
        "BORDERPRECISION": 1,
        "PARTOF": "Teutonic Knights"
      },
      "geometry": {
        "type": "MultiPolygon",
        "coordinates": [
          [
            [
              [
                27.650842237842635,
                56.27996199167551
              ],
              [
                27.370532924309803,
                55.71934336460985
              ],
              [
                26.245430387177652,
                55.89609317187459
              ],
              [
                25.307397446176854,
                56.48853502934878
              ],
              [
                24.71495558870266,
                56.34042456498023
              ],
              [
                22.745429251018063,
                56.35003932005873
              ],
              [
                21.904501310419565,
                56.35003932005873
              ],
              [
                21.14179787604949,
                56.12729915596068
              ],
              [
                21.310275760398703,
                55.51305839875313
              ],
              [
                21.669600839940113,
                55.51305839875313
              ],
              [
                22.028925919481527,
                55.25639762765212
              ],
              [
                21.926261611041124,
                54.94840470233091
              ],
              [
                22.13159022792193,
                54.794408239670304
              ],
              [
                22.08025807370173,
                54.5890796227895
              ],
              [
                22.182922382142134,
                54.5377474685693
              ],
              [
                22.234254536362332,
                54.12709023480768
              ],
              [
                21.464272223059307,
                53.81909730948647
              ],
              [
                21.104947143517894,
                53.81909730948647
              ],
              [
                20.809806197321894,
                53.63757257174263
              ],
              [
                20.709395381913087,
                53.758065550233205
              ],
              [
                20.428245098768418,
                53.778147713314965
              ],
              [
                20.38629698443507,
                53.51110438416526
              ],
              [
                20.078304059113858,
                53.51110438416526
              ],
              [
                20.078304059113858,
                53.665100846825865
              ],
              [
                19.56498251691184,
                53.45977222994506
              ],
              [
                19.205657437370427,
                53.254443613064254
              ],
              [
                18.94899666626942,
                53.254443613064254
              ],
              [
                18.589671586728006,
                53.100447150403646
              ],
              [
                18.281678661406797,
                53.35710792150466
              ],
              [
                18.684934699267238,
                54.25402242176603
              ],
              [
                18.96497634371875,
                54.227584444001955
              ],
              [
                19.255003962126953,
                54.27719458194141
              ],
              [
                19.733597788420898,
                54.46117361636524
              ],
              [
                19.757716211882812,
                54.45917471499805
              ],
              [
                19.317608866301757,
                54.271678529695315
              ],
              [
                19.232062372771484,
                54.22207220645313
              ],
              [
                19.230307612029296,
                54.166968904451174
              ],
              [
                19.328099283782226,
                54.16145285220508
              ],
              [
                19.456822428313476,
                54.216563783601565
              ],
              [
                19.570403223245147,
                54.25508398112746
              ],
              [
                19.733119043914062,
                54.31026800723438
              ],
              [
                19.914581807330855,
                54.394662508616506
              ],
              [
                19.977538141814453,
                54.42394217105274
              ],
              [
                20.188645395842773,
                54.521976076082034
              ],
              [
                20.32671264132617,
                54.56400641055469
              ],
              [
                20.19423201998828,
                54.57504614444141
              ],
              [
                20.005703959075195,
                54.54745825381641
              ],
              [
                19.938118967620117,
                54.608172975496096
              ],
              [
                19.881810221282226,
                54.52537878604297
              ],
              [
                19.833247217742187,
                54.53089865298633
              ],
              [
                19.86316970309375,
                54.75173147769336
              ],
              [
                19.9425707193291,
                54.849856935457034
              ],
              [
                20.127097162810546,
                54.84564169497852
              ],
              [
                20.79715064486621,
                54.817977510408205
              ],
              [
                20.985203775969726,
                54.81164129825
              ],
              [
                21.137343439666015,
                54.84545858950977
              ],
              [
                21.191943201628906,
                54.959579072908205
              ],
              [
                21.11334517916797,
                55.089244447664065
              ],
              [
                21.22385314425586,
                55.11144980044727
              ],
              [
                21.193121943083984,
                55.16635092349414
              ],
              [
                21.162322077361328,
                55.22138174624805
              ],
              [
                21.143034967986328,
                55.25583990664844
              ],
              [
                21.20093253573535,
                55.26139410586719
              ],
              [
                21.216296228972656,
                55.343665681794924
              ],
              [
                21.01845076998828,
                55.634009920076174
              ],
              [
                21.01481536349414,
                55.69705542178516
              ],
              [
                20.995957407561523,
                56.024127565339846
              ],
              [
                20.945448908416015,
                56.069957338289065
              ],
              [
                20.91600707491992,
                56.09667166324024
              ],
              [
                20.9490461679375,
                56.473189912751955
              ],
              [
                20.96482757052539,
                56.60902365298633
              ],
              [
                21.02205184420703,
                56.683875642732424
              ],
              [
                21.32437995394824,
                56.854415498689455
              ],
              [
                21.339747461882812,
                57.17707022281055
              ],
              [
                21.459588083831054,
                57.24960669131641
              ],
              [
                21.579514536467773,
                57.37260016055469
              ],
              [
                21.67733100375293,
                57.46365698428516
              ],
              [
                21.810254129973632,
                57.475379548982424
              ],
              [
                22.28540328463672,
                57.565040193513674
              ],
              [
                22.35992721041797,
                57.58566626162891
              ],
              [
                22.432965311614257,
                57.615558229402346
              ],
              [
                22.56363776644824,
                57.615558229402346
              ],
              [
                22.585421595183593,
                57.508651338533205
              ],
              [
                22.881373438445312,
                57.334144197419924
              ],
              [
                23.070889505950195,
                57.26131781192188
              ],
              [
                23.174664530364257,
                57.04849203677539
              ],
              [
                23.215449366179687,
                56.98066671939258
              ],
              [
                23.414469751921875,
                56.892413698152346
              ],
              [
                23.76781371554492,
                56.865882478669924
              ],
              [
                24.15838340243457,
                56.97548636050586
              ],
              [
                24.266305002776367,
                57.030147157625
              ],
              [
                24.34649947604297,
                57.15972097964649
              ],
              [
                24.32293990573047,
                57.336890779451174
              ],
              [
                24.236186060515625,
                57.728160463289065
              ],
              [
                24.32544234713672,
                57.83747061343555
              ],
              [
                24.345648798552734,
                57.86221655459766
              ],
              [
                24.415644678679687,
                57.94793280215625
              ],
              [
                24.414401087371093,
                58.10588797183399
              ],
              [
                24.496785196868164,
                58.213153444246096
              ],
              [
                24.33109191378711,
                58.307933412507815
              ],
              [
                24.058350596038085,
                58.111529909089846
              ],
              [
                23.908068689910156,
                58.22444876284961
              ],
              [
                23.670859369841796,
                58.24138983340625
              ],
              [
                23.690465006438476,
                58.665484987214846
              ],
              [
                23.511870417205078,
                58.580875001863284
              ],
              [
                23.360819849578125,
                58.76742132754688
              ],
              [
                23.431979212371093,
                58.85808142276172
              ],
              [
                23.337885889617187,
                58.97239264102344
              ],
              [
                23.456978830901367,
                59.00549276919727
              ],
              [
                23.415757212249023,
                59.11896475406055
              ],
              [
                23.570183786956054,
                59.138072572664065
              ],
              [
                24.03210738619922,
                59.17574270816211
              ],
              [
                24.02955916842578,
                59.235416017488284
              ],
              [
                24.28194526156543,
                59.28414114566211
              ],
              [
                24.341567072478515,
                59.368880830720705
              ],
              [
                24.53756812533496,
                59.323409639314455
              ],
              [
                24.570923838225585,
                59.37432821841602
              ],
              [
                24.713812861052734,
                59.35183294864063
              ],
              [
                24.751221689788085,
                59.448463045076174
              ],
              [
                25.248290094939453,
                59.36179693789844
              ],
              [
                25.44879439791797,
                59.493960939363284
              ],
              [
                25.48999312838672,
                59.42004355044727
              ],
              [
                25.72112182101367,
                59.459842287019534
              ],
              [
                26.34325889071582,
                59.44664724917774
              ],
              [
                26.86190131625293,
                59.371749483064455
              ],
              [
                26.999016794768554,
                59.31772955508594
              ],
              [
                27.265091929045898,
                59.33804281802539
              ],
              [
                27.702038797942382,
                59.297504030183596
              ],
              [
                27.661188779931567,
                58.937558034835455
              ],
              [
                27.510687581076215,
                57.61143123095648
              ],
              [
                27.605902554454104,
                56.706888983866556
              ],
              [
                27.650842237842635,
                56.27996199167551
              ]
            ]
          ]
        ]
      }
    },
    {
      "type": "Feature",
      "properties": {
        "NAME": "Pskov",
        "ABBREVN": "Pskov",
        "SUBJECTO": "Pskov",
        "BORDERPRECISION": 1,
        "PARTOF": "Pskov"
      },
      "geometry": {
        "type": "MultiPolygon",
        "coordinates": [
          [
            [
              [
                28.318976888337318,
                58.66082184008748
              ],
              [
                28.41771719791635,
                57.920269518244744
              ],
              [
                28.812678436232478,
                57.57467843471813
              ],
              [
                28.812678436232478,
                56.88349626766491
              ],
              [
                28.092572476759294,
                56.792404743235316
              ],
              [
                28.017410311155317,
                56.56691824642338
              ],
              [
                27.822714884859057,
                56.72547289790126
              ],
              [
                27.605902554454104,
                56.706888983866556
              ],
              [
                27.510687581076215,
                57.61143123095648
              ],
              [
                27.661188779931567,
                58.937558034835455
              ],
              [
                28.318976888337318,
                58.66082184008748
              ]
            ]
          ]
        ]
      }
    },
    {
      "type": "Feature",
      "properties": {
        "NAME": "Poland-Lithuania",
        "ABBREVN": "Pol.-Lith.",
        "SUBJECTO": "Poland-Lithuania",
        "BORDERPRECISION": 1,
        "PARTOF": "Poland-Lithuania"
      },
      "geometry": {
        "type": "MultiPolygon",
        "coordinates": [
          [
            [
              [
                37.60056598876629,
                51.40340908602865
              ],
              [
                38.291748155819505,
                51.20592846687059
              ],
              [
                38.13611358684011,
                49.04904202943989
              ],
              [
                37.69930629834532,
                48.93490134655286
              ],
              [
                37.50182567918726,
                48.4411997986577
              ],
              [
                36.07009119029129,
                47.89812809597303
              ],
              [
                32.015519928839865,
                46.88074909592444
              ],
              [
                31.95127013644336,
                46.864627443269534
              ],
              [
                30.88622493739214,
                47.453796702867386
              ],
              [
                28.368347043126835,
                45.33088004691821
              ],
              [
                26.539548388414325,
                45.250358698713015
              ],
              [
                26.730840555082,
                45.473532893158634
              ],
              [
                26.698958527304054,
                45.79235317093809
              ],
              [
                25.901907832855404,
                46.87634211538826
              ],
              [
                25.666328204619678,
                48.69197572343361
              ],
              [
                24.16082510261924,
                48.98660490373513
              ],
              [
                23.888529934203877,
                49.25890007215049
              ],
              [
                21.770678624306637,
                49.59170527799148
              ],
              [
                21.770678624306637,
                49.74298037155557
              ],
              [
                21.31685334361437,
                49.86400044640684
              ],
              [
                21.286598324901554,
                49.77323539026839
              ],
              [
                21.135323231337463,
                49.833745427694026
              ],
              [
                20.984048137773375,
                49.74298037155557
              ],
              [
                20.893283081634923,
                49.833745427694026
              ],
              [
                20.80251802549647,
                49.833745427694026
              ],
              [
                20.893283081634923,
                49.74298037155557
              ],
              [
                20.6814979506452,
                49.652215315417116
              ],
              [
                20.53022285708111,
                49.803490408981204
              ],
              [
                20.348692744804204,
                49.74298037155557
              ],
              [
                20.01588753896321,
                49.803490408981204
              ],
              [
                19.894867464111936,
                49.470685203140214
              ],
              [
                19.71333735183503,
                49.53119524056584
              ],
              [
                19.56206225827094,
                49.53119524056584
              ],
              [
                19.56206225827094,
                49.71272535284275
              ],
              [
                19.380532145994035,
                49.803490408981204
              ],
              [
                19.138491996291496,
                49.71272535284275
              ],
              [
                19.108236977578674,
                49.59170527799148
              ],
              [
                18.92670686530177,
                49.6219602967043
              ],
              [
                18.89645184658895,
                49.71272535284275
              ],
              [
                18.79631522616504,
                49.71344717593555
              ],
              [
                18.769068769057146,
                50.17698804082737
              ],
              [
                18.74563352241608,
                50.266041978063406
              ],
              [
                18.646036580345903,
                50.64451035793008
              ],
              [
                18.140061199789763,
                50.98765893485682
              ],
              [
                17.639767623620585,
                51.4368799575253
              ],
              [
                17.552547491405942,
                51.65493028806191
              ],
              [
                17.29088709476201,
                51.78576048638388
              ],
              [
                17.203666962547363,
                51.61132022195459
              ],
              [
                16.85478643368879,
                51.65493028806191
              ],
              [
                16.85478643368879,
                51.916590684705845
              ],
              [
                16.50590590483021,
                52.17825108134978
              ],
              [
                16.50590590483021,
                52.003810816920485
              ],
              [
                16.095099082099242,
                52.124174599376694
              ],
              [
                15.764534781005738,
                52.26547121356442
              ],
              [
                15.760173774395009,
                52.57074167631567
              ],
              [
                15.815994659012382,
                52.57074167631567
              ],
              [
                15.843905101321067,
                52.7102938878591
              ],
              [
                16.05312067396849,
                52.71644728705461
              ],
              [
                16.20375518114817,
                53.34332759838088
              ],
              [
                16.415540312137896,
                53.52485771065779
              ],
              [
                16.20375518114817,
                53.706387822934694
              ],
              [
                16.65758046184044,
                53.85766291649878
              ],
              [
                16.808855555404527,
                53.46434767323215
              ],
              [
                16.808855555404527,
                53.85766291649878
              ],
              [
                16.687835480553257,
                54.03919302877569
              ],
              [
                16.990385667681434,
                54.19046812233977
              ],
              [
                17.111405742532707,
                54.12995808491414
              ],
              [
                17.746761135501878,
                54.43250827204232
              ],
              [
                17.657612833586914,
                54.685462556794924
              ],
              [
                18.279448542205078,
                54.72412069888477
              ],
              [
                18.759530100432617,
                54.536414705232424
              ],
              [
                18.362916025725585,
                54.66889151187305
              ],
              [
                18.338496241179687,
                54.602645479158205
              ],
              [
                18.453806910125,
                54.52537878604297
              ],
              [
                18.513155970183593,
                54.315780244783205
              ],
              [
                18.673077616301757,
                54.25514181704883
              ],
              [
                18.684934699267238,
                54.25402242176603
              ],
              [
                18.281678661406797,
                53.35710792150466
              ],
              [
                18.589671586728006,
                53.100447150403646
              ],
              [
                18.94899666626942,
                53.254443613064254
              ],
              [
                19.205657437370427,
                53.254443613064254
              ],
              [
                19.56498251691184,
                53.45977222994506
              ],
              [
                20.078304059113858,
                53.665100846825865
              ],
              [
                20.078304059113858,
                53.51110438416526
              ],
              [
                20.38629698443507,
                53.51110438416526
              ],
              [
                20.428245098768418,
                53.778147713314965
              ],
              [
                20.709395381913087,
                53.758065550233205
              ],
              [
                20.809806197321894,
                53.63757257174263
              ],
              [
                21.104947143517894,
                53.81909730948647
              ],
              [
                21.464272223059307,
                53.81909730948647
              ],
              [
                22.234254536362332,
                54.12709023480768
              ],
              [
                22.182922382142134,
                54.5377474685693
              ],
              [
                22.08025807370173,
                54.5890796227895
              ],
              [
                22.13159022792193,
                54.794408239670304
              ],
              [
                21.926261611041124,
                54.94840470233091
              ],
              [
                22.028925919481527,
                55.25639762765212
              ],
              [
                21.669600839940113,
                55.51305839875313
              ],
              [
                21.310275760398703,
                55.51305839875313
              ],
              [
                21.14179787604949,
                56.12729915596068
              ],
              [
                21.904501310419565,
                56.35003932005873
              ],
              [
                22.745429251018063,
                56.35003932005873
              ],
              [
                24.71495558870266,
                56.34042456498023
              ],
              [
                25.307397446176854,
                56.48853502934878
              ],
              [
                26.245430387177652,
                55.89609317187459
              ],
              [
                27.370532924309803,
                55.71934336460985
              ],
              [
                27.650842237842635,
                56.27996199167551
              ],
              [
                27.605902554454104,
                56.706888983866556
              ],
              [
                27.822714884859057,
                56.72547289790126
              ],
              [
                28.017410311155317,
                56.56691824642338
              ],
              [
                28.092572476759294,
                56.792404743235316
              ],
              [
                28.812678436232478,
                56.88349626766491
              ],
              [
                29.059529210180056,
                56.537905184138296
              ],
              [
                29.94819199639134,
                56.537905184138296
              ],
              [
                30.688744318234075,
                55.89609317187459
              ],
              [
                30.935595092181654,
                56.389794719769746
              ],
              [
                30.738114473023593,
                56.98223657724394
              ],
              [
                31.281186175708267,
                57.27845750598103
              ],
              [
                32.41669973586713,
                57.27845750598103
              ],
              [
                33.2559923672889,
                56.48853502934878
              ],
              [
                34.44087608223728,
                56.2416842554012
              ],
              [
                34.09528499871068,
                55.10617069524234
              ],
              [
                34.490246237026795,
                54.71120945692621
              ],
              [
                36.168831499870336,
                54.760579611715734
              ],
              [
                36.21820165465985,
                54.26687806382057
              ],
              [
                36.598201700400395,
                54.25549016659448
              ],
              [
                36.86001366692355,
                52.09459125308187
              ],
              [
                37.60056598876629,
                51.40340908602865
              ]
            ]
          ]
        ]
      }
    },
    {
      "type": "Feature",
      "properties": {
        "NAME": "Imperial Hungary",
        "ABBREVN": "Hungary",
        "SUBJECTO": "Imperial Hungary",
        "BORDERPRECISION": 1,
        "PARTOF": "Imperial Hungary"
      },
      "geometry": {
        "type": "MultiPolygon",
        "coordinates": [
          [
            [
              [
                14.354488405791503,
                45.32289084048633
              ],
              [
                14.5266664748968,
                45.78300406347297
              ],
              [
                14.79846988854452,
                45.864545087567286
              ],
              [
                14.880010912638838,
                45.48402030846048
              ],
              [
                15.423617739934283,
                45.429659625730935
              ],
              [
                15.469824320254395,
                45.734079449016384
              ],
              [
                16.122152513008928,
                45.581869537373656
              ],
              [
                16.2091296053762,
                45.734079449016384
              ],
              [
                16.078663966825292,
                45.886289360659106
              ],
              [
                16.2091296053762,
                46.14722063776092
              ],
              [
                16.448316609386197,
                46.103732091577285
              ],
              [
                16.535293701753467,
                46.364663368679096
              ],
              [
                16.296106697743472,
                46.408151914862735
              ],
              [
                16.513549428661648,
                46.625594645780915
              ],
              [
                16.448316609386197,
                46.777804557423636
              ],
              [
                16.448316609386197,
                46.93001446906636
              ],
              [
                16.557037974845283,
                47.060480107617266
              ],
              [
                16.557037974845283,
                47.190945746168175
              ],
              [
                16.644015067212557,
                47.299667111627265
              ],
              [
                16.557037974845283,
                47.495365569453625
              ],
              [
                16.622270794120737,
                47.73455257346362
              ],
              [
                16.79622497885528,
                47.84327393892271
              ],
              [
                17.40778265956266,
                47.821529665830894
              ],
              [
                17.462143342292205,
                48.06615273811384
              ],
              [
                17.217520270009253,
                48.06615273811384
              ],
              [
                17.19033992864448,
                48.44667751722066
              ],
              [
                17.353421976833115,
                48.96310400315133
              ],
              [
                17.869848462763787,
                48.800021954962695
              ],
              [
                18.114471535046736,
                48.85438263769224
              ],
              [
                18.114471535046736,
                48.9902843445161
              ],
              [
                18.223192900505826,
                48.9902843445161
              ],
              [
                18.250373241870594,
                49.18054673406951
              ],
              [
                18.52217665551832,
                49.561071513176316
              ],
              [
                18.92670686530177,
                49.6219602967043
              ],
              [
                19.108236977578674,
                49.59170527799148
              ],
              [
                19.138491996291496,
                49.71272535284275
              ],
              [
                19.380532145994035,
                49.803490408981204
              ],
              [
                19.56206225827094,
                49.71272535284275
              ],
              [
                19.56206225827094,
                49.53119524056584
              ],
              [
                19.71333735183503,
                49.53119524056584
              ],
              [
                19.894867464111936,
                49.470685203140214
              ],
              [
                20.01588753896321,
                49.803490408981204
              ],
              [
                20.348692744804204,
                49.74298037155557
              ],
              [
                20.53022285708111,
                49.803490408981204
              ],
              [
                20.6814979506452,
                49.652215315417116
              ],
              [
                20.893283081634923,
                49.74298037155557
              ],
              [
                20.80251802549647,
                49.833745427694026
              ],
              [
                20.893283081634923,
                49.833745427694026
              ],
              [
                20.984048137773375,
                49.74298037155557
              ],
              [
                21.135323231337463,
                49.833745427694026
              ],
              [
                21.286598324901554,
                49.77323539026839
              ],
              [
                21.31685334361437,
                49.86400044640684
              ],
              [
                21.770678624306637,
                49.74298037155557
              ],
              [
                21.770678624306637,
                49.59170527799148
              ],
              [
                23.888529934203877,
                49.25890007215049
              ],
              [
                24.16082510261924,
                48.98660490373513
              ],
              [
                25.666328204619678,
                48.69197572343361
              ],
              [
                25.901907832855404,
                46.87634211538826
              ],
              [
                26.698958527304054,
                45.79235317093809
              ],
              [
                26.730840555082,
                45.473532893158634
              ],
              [
                26.539548388414325,
                45.250358698713015
              ],
              [
                24.180278332846314,
                45.856117226493986
              ],
              [
                23.542637777287393,
                45.856117226493986
              ],
              [
                20.80078338838403,
                44.931538420933556
              ],
              [
                20.29067094393689,
                44.89965639315561
              ],
              [
                19.785081820576952,
                44.93614220618158
              ],
              [
                18.93864747832931,
                44.39284710591741
              ],
              [
                17.753763763380935,
                44.39284710591741
              ],
              [
                17.45754283464384,
                44.14599633196983
              ],
              [
                16.86510097716965,
                44.24473664154886
              ],
              [
                16.701476130095703,
                43.84666021914844
              ],
              [
                16.184667298147904,
                43.907560509303686
              ],
              [
                15.74978183631155,
                44.097822898857096
              ],
              [
                15.494369067245392,
                43.88844455774298
              ],
              [
                15.412318262664062,
                43.934756837800784
              ],
              [
                15.149468454924804,
                44.23992880435352
              ],
              [
                15.274405512419921,
                44.23661383242969
              ],
              [
                15.548222574797851,
                44.229346834138674
              ],
              [
                15.28594401797412,
                44.32891806216602
              ],
              [
                14.98910621127246,
                44.54002722354297
              ],
              [
                14.906961474028808,
                44.72332342715625
              ],
              [
                14.945532831755859,
                44.92658957095508
              ],
              [
                14.815391573516113,
                45.07786902041797
              ],
              [
                14.524585756865722,
                45.26628454776172
              ],
              [
                14.354488405791503,
                45.32289084048633
              ]
            ],
            [
              [
                17.126698705993064,
                46.107184324647704
              ],
              [
                17.172594976210927,
                46.1878925893064
              ],
              [
                17.135979245914935,
                46.190709183944556
              ],
              [
                17.126698705993064,
                46.107184324647704
              ]
            ]
          ]
        ]
      }
    },
    {
      "type": "Feature",
      "properties": {
        "NAME": "Navarre",
        "ABBREVN": "Navarre",
        "SUBJECTO": "Navarre",
        "BORDERPRECISION": 1,
        "PARTOF": "Navarre"
      },
      "geometry": {
        "type": "MultiPolygon",
        "coordinates": [
          [
            [
              [
                -2.142923348652397,
                43.33147102864046
              ],
              [
                -2.065644708069581,
                43.333270631746096
              ],
              [
                -1.914577808769959,
                43.3054157123125
              ],
              [
                -1.702391829880494,
                43.19593771548633
              ],
              [
                -1.491382804306763,
                43.20962103457813
              ],
              [
                -1.465651359947937,
                43.15488775821094
              ],
              [
                -1.557671156319397,
                43.04543264956836
              ],
              [
                -1.515127864273804,
                42.997562013582034
              ],
              [
                -1.44755240956189,
                42.98387869449024
              ],
              [
                -1.397272315415162,
                43.031756959871096
              ],
              [
                -0.907353666218537,
                42.881297670320315
              ],
              [
                -1.664297551396089,
                42.125419422428195
              ],
              [
                -1.60486603682399,
                41.76883033499561
              ],
              [
                -2.130006796731537,
                41.816570404078114
              ],
              [
                -2.258612697117059,
                41.82826184956771
              ],
              [
                -2.318044211689156,
                42.0659879078561
              ],
              [
                -2.080318153400768,
                42.0659879078561
              ],
              [
                -2.199181182544962,
                42.24428245157239
              ],
              [
                -2.674633299121739,
                42.42257699528868
              ],
              [
                -2.555770269977543,
                43.076323655581746
              ],
              [
                -2.139749667972865,
                43.13575517015385
              ],
              [
                -2.142923348652397,
                43.33147102864046
              ]
            ]
          ]
        ]
      }
    },
    {
      "type": "Feature",
      "properties": {
        "NAME": "Golden Horde",
        "ABBREVN": "Golden Horde",
        "SUBJECTO": "Golden Horde",
        "BORDERPRECISION": 1,
        "PARTOF": "Golden Horde"
      },
      "geometry": {
        "type": "MultiPolygon",
        "coordinates": [
          [
            [
              [
                56.67389519014647,
                58.259275429501
              ],
              [
                52.853895792507316,
                46.938279890208165
              ],
              [
                52.55578521212695,
                46.982120119050784
              ],
              [
                52.46586516818164,
                46.91018255801563
              ],
              [
                52.37594893893359,
                46.874217592195315
              ],
              [
                52.14215758761523,
                46.83824881167774
              ],
              [
                51.93534759005664,
                46.89220007510547
              ],
              [
                51.79147628268359,
                47.00909384341602
              ],
              [
                51.67458251437304,
                47.03607138247852
              ],
              [
                51.36885741671679,
                47.09002264590625
              ],
              [
                51.11708358248828,
                47.06304510684375
              ],
              [
                50.82035354098437,
                46.91917761416797
              ],
              [
                50.63152221163867,
                46.91018255801563
              ],
              [
                50.27184966525195,
                46.68538626284961
              ],
              [
                49.94814208468554,
                46.55950125308399
              ],
              [
                49.72334578951953,
                46.53252371402149
              ],
              [
                49.534514460173824,
                46.54151877017383
              ],
              [
                49.4086294504082,
                46.43361624331836
              ],
              [
                49.31320479830859,
                46.35268744082813
              ],
              [
                49.23778441866992,
                46.262767396882815
              ],
              [
                49.05794433077929,
                46.13688238711719
              ],
              [
                48.88709929904101,
                46.082931123689455
              ],
              [
                48.83314803561328,
                46.082931123689455
              ],
              [
                48.83314803561328,
                46.01998861880664
              ],
              [
                48.83314803561328,
                45.92107733340625
              ],
              [
                48.770205530730465,
                45.885108552888674
              ],
              [
                48.63532927950976,
                45.97502859683399
              ],
              [
                48.48246673068164,
                45.885108552888674
              ],
              [
                48.30262664279101,
                45.76821478457813
              ],
              [
                48.01488784274218,
                45.71426352115039
              ],
              [
                47.87101653536914,
                45.67829855533008
              ],
              [
                47.75412276705859,
                45.71426352115039
              ],
              [
                47.67319777926562,
                45.75023230166797
              ],
              [
                47.628237757292965,
                45.732249818757815
              ],
              [
                47.60126403292773,
                45.66031225772266
              ],
              [
                47.6552114816582,
                45.54341848941211
              ],
              [
                47.556304010955074,
                45.4534984454668
              ],
              [
                47.47537520846484,
                45.318622194246096
              ],
              [
                47.39445022067187,
                45.17475088687305
              ],
              [
                47.250578913298824,
                44.98592337222461
              ],
              [
                47.169653925505855,
                44.86003836245899
              ],
              [
                47.02578261813281,
                44.78810080142383
              ],
              [
                46.87292006930468,
                44.68019827456836
              ],
              [
                46.80997756442187,
                44.53633078189258
              ],
              [
                46.84594634493945,
                44.44641073794727
              ],
              [
                46.99880507907031,
                44.356490694001955
              ],
              [
                47.142676386443355,
                44.3385082110918
              ],
              [
                47.223601374236324,
                44.20362814517383
              ],
              [
                47.33150771578906,
                44.185645662263674
              ],
              [
                47.43940642794726,
                44.03278311343555
              ],
              [
                47.56529525241015,
                43.84395559878711
              ],
              [
                47.53831771334765,
                43.67311056704883
              ],
              [
                47.49336150607226,
                43.58319052310352
              ],
              [
                47.19483867485455,
                43.37586314463319
              ],
              [
                47.24856164173707,
                42.78491050892555
              ],
              [
                48.22371258025433,
                41.4711466998491
              ],
              [
                48.20107177218554,
                41.463599763826174
              ],
              [
                48.06278518160937,
                41.31467779727344
              ],
              [
                47.98832610568164,
                41.218944154695315
              ],
              [
                47.81812957247851,
                41.197669588044924
              ],
              [
                47.61601928195117,
                41.261493287996096
              ],
              [
                47.35008529147265,
                41.30404242129688
              ],
              [
                47.35008529147265,
                41.442325197175784
              ],
              [
                47.22243789157031,
                41.56997641177539
              ],
              [
                47.169253382292965,
                41.56997641177539
              ],
              [
                47.12670424899218,
                41.62316092105274
              ],
              [
                46.91395858248828,
                41.75080832095508
              ],
              [
                46.850134882537105,
                41.83590658755664
              ],
              [
                46.76503661593554,
                41.83590658755664
              ],
              [
                46.66929915866015,
                41.81463202090625
              ],
              [
                46.658659967986324,
                41.88909491153125
              ],
              [
                46.55577758273242,
                41.878455720857424
              ],
              [
                46.49910262545703,
                41.96355398745899
              ],
              [
                46.392729792205074,
                41.995467744783205
              ],
              [
                46.28635695895312,
                41.98482855410938
              ],
              [
                46.15870955905078,
                42.00610312075977
              ],
              [
                46.041697535124996,
                42.04865225406055
              ],
              [
                45.91405013522265,
                42.12311514468555
              ],
              [
                45.75448897799609,
                42.25076254458789
              ],
              [
                45.8076773019707,
                42.389049135164065
              ],
              [
                45.86086181124804,
                42.47414740176563
              ],
              [
                45.8076773019707,
                42.5379711017168
              ],
              [
                45.64811614474414,
                42.54860647769336
              ],
              [
                45.47791961154101,
                42.54860647769336
              ],
              [
                45.38218596896289,
                42.62306936831836
              ],
              [
                43.61690948985557,
                43.77276186641766
              ],
              [
                41.30960614170756,
                43.55716533432493
              ],
              [
                42.411475854041285,
                46.726817802961186
              ],
              [
                42.524167467140586,
                47.0509879345626
              ],
              [
                44.364277194929954,
                49.42860289444802
              ],
              [
                43.67309502787673,
                50.86033738334398
              ],
              [
                42.586951622507385,
                50.909707538133496
              ],
              [
                40.02647141522063,
                49.080365976747565
              ],
              [
                38.13611358684011,
                49.04904202943989
              ],
              [
                38.291748155819505,
                51.20592846687059
              ],
              [
                37.60056598876629,
                51.40340908602865
              ],
              [
                36.86001366692355,
                52.09459125308187
              ],
              [
                37.69930629834532,
                52.73640326534558
              ],
              [
                40.41466481176869,
                51.35403893123914
              ],
              [
                41.402067907559,
                51.79837032434478
              ],
              [
                43.67309502787673,
                53.476955587188314
              ],
              [
                44.8086085880356,
                54.6618393021367
              ],
              [
                45.42957417054495,
                57.466898337556124
              ],
              [
                45.96480886570524,
                57.734515685136266
              ],
              [
                55.465224704800136,
                58.13594170650648
              ],
              [
                56.67389519014647,
                58.259275429501
              ]
            ]
          ]
        ]
      }
    },
    {
      "type": "Feature",
      "properties": {
        "NAME": "Holy Roman Empire",
        "ABBREVN": "Holy Roman E",
        "SUBJECTO": "Holy Roman Empire",
        "BORDERPRECISION": 1,
        "PARTOF": "Holy Roman Empire"
      },
      "geometry": {
        "type": "MultiPolygon",
        "coordinates": [
          [
            [
              [
                9.458552393523437,
                42.55605658145313
              ],
              [
                9.486711535063964,
                42.4063793048418
              ],
              [
                9.45250895938037,
                42.04830511660938
              ],
              [
                9.35745624026416,
                41.90121039004688
              ],
              [
                9.30453875979541,
                41.575267396882815
              ],
              [
                9.173024210540039,
                41.34990652652149
              ],
              [
                9.038939509001953,
                41.36949881167774
              ],
              [
                9.01326850375293,
                41.457679353669924
              ],
              [
                8.828752550688964,
                41.49197729678516
              ],
              [
                8.726921114531738,
                41.56056936831836
              ],
              [
                8.85464862307666,
                41.65367849917774
              ],
              [
                8.823254618254882,
                41.68797644229297
              ],
              [
                8.62692645510791,
                41.73208960147266
              ],
              [
                8.74244979342578,
                41.8815990314043
              ],
              [
                8.692829165068847,
                41.913463197664065
              ],
              [
                8.561865839568359,
                41.8815990314043
              ],
              [
                8.537932428923828,
                41.94778021426563
              ],
              [
                8.589588198271972,
                41.957591615632815
              ],
              [
                8.668312105742675,
                42.02868612857227
              ],
              [
                8.626454386321289,
                42.09734304995899
              ],
              [
                8.510698351470214,
                42.13412436099414
              ],
              [
                8.51724627932666,
                42.20770224185352
              ],
              [
                8.628421816436035,
                42.26165731997852
              ],
              [
                8.500446352568847,
                42.359778963044924
              ],
              [
                8.60930064639209,
                42.48734625430469
              ],
              [
                8.879002604094726,
                42.624766908601565
              ],
              [
                9.000392946807128,
                42.63458975406055
              ],
              [
                9.018427881804687,
                42.69103964419727
              ],
              [
                9.149460825530273,
                42.710670076326174
              ],
              [
                9.237692865935546,
                42.664039216951174
              ],
              [
                9.280391726104003,
                42.727855287507815
              ],
              [
                9.270520243254882,
                42.882510744050784
              ],
              [
                9.303189310637695,
                42.983192048982424
              ],
              [
                9.367051157561523,
                42.988101564363284
              ],
              [
                9.414238962737304,
                42.90952643008594
              ],
              [
                9.432161364165527,
                42.79413565249805
              ],
              [
                9.405494722930175,
                42.58059652896289
              ],
              [
                9.458552393523437,
                42.55605658145313
              ]
            ]
          ],
          [
            [
              [
                14.205406221953613,
                53.81320532412891
              ],
              [
                14.145425829497558,
                53.826453767732424
              ],
              [
                14.068350824919921,
                53.84347494693164
              ],
              [
                14.028717074004394,
                53.865481935457034
              ],
              [
                13.827770266143066,
                53.8297191485918
              ],
              [
                13.777402910796386,
                53.94862326236133
              ],
              [
                13.778410944548828,
                54.04440649600391
              ],
              [
                14.069946322051269,
                53.917769990876955
              ],
              [
                14.17416766604541,
                53.90676077456836
              ],
              [
                14.205406221953613,
                53.81320532412891
              ]
            ]
          ],
          [
            [
              [
                17.135979245914935,
                46.190709183944556
              ],
              [
                17.172594976210927,
                46.1878925893064
              ],
              [
                17.126698705993064,
                46.107184324647704
              ],
              [
                17.135979245914935,
                46.190709183944556
              ]
            ]
          ],
          [
            [
              [
                14.33385947665332,
                53.8297191485918
              ],
              [
                14.24789527377246,
                53.815963350251955
              ],
              [
                14.22724154910205,
                53.90951117129688
              ],
              [
                14.305262598601562,
                53.91501959414844
              ],
              [
                14.424838099089843,
                53.91501959414844
              ],
              [
                14.472936663237792,
                53.87677725406055
              ],
              [
                14.459070238677246,
                53.81871374698047
              ],
              [
                14.33385947665332,
                53.8297191485918
              ]
            ]
          ],
          [
            [
              [
                8.585600878584321,
                53.7930778153404
              ],
              [
                8.848478350249511,
                53.749679170564455
              ],
              [
                9.125039133635742,
                53.790477357820315
              ],
              [
                8.857097658721191,
                53.866988740876955
              ],
              [
                8.818971666899902,
                53.969039522126955
              ],
              [
                8.946340593901855,
                54.014972291902346
              ],
              [
                8.832654032317382,
                54.066016756013674
              ],
              [
                8.778787645903808,
                54.132403932527346
              ],
              [
                8.853296312895996,
                54.168155275300784
              ],
              [
                8.884012255278808,
                54.229449830964846
              ],
              [
                8.961682962467147,
                54.27590912733824
              ],
              [
                9.05617554272723,
                54.3485957275383
              ],
              [
                9.136130802947298,
                54.29771510739826
              ],
              [
                9.165205443027324,
                54.31952108745828
              ],
              [
                9.216086063167367,
                54.29044644737825
              ],
              [
                9.259698023287404,
                54.304983767418264
              ],
              [
                9.296041323387435,
                54.24683448725822
              ],
              [
                9.44141452378756,
                54.24683448725822
              ],
              [
                9.448683183807567,
                54.18868520709817
              ],
              [
                9.674011644427761,
                54.18868520709817
              ],
              [
                9.739429584607816,
                54.27590912733824
              ],
              [
                9.826653504847892,
                54.27590912733824
              ],
              [
                9.884802785007942,
                54.25410314727822
              ],
              [
                10.141728434172851,
                54.33675345034961
              ],
              [
                10.21287730654834,
                54.37191732974414
              ],
              [
                10.340239557830078,
                54.362315736726565
              ],
              [
                10.445974382964355,
                54.29203375430469
              ],
              [
                10.648594889250976,
                54.258975587800784
              ],
              [
                11.03860572299121,
                54.313251100496096
              ],
              [
                11.0730057092583,
                54.21963080020313
              ],
              [
                11.041366610137207,
                54.15269812198047
              ],
              [
                11.01588729342578,
                54.096656404451174
              ],
              [
                10.716716799346191,
                53.963931642488284
              ],
              [
                10.770921983476129,
                53.930865647702795
              ],
              [
                10.858920130339843,
                53.87718542666797
              ],
              [
                10.883711053681196,
                53.88237572106904
              ],
              [
                10.89350602717936,
                53.884426423070174
              ],
              [
                10.960404311982023,
                53.89843242794023
              ],
              [
                11.15137771090625,
                53.93841513247852
              ],
              [
                11.202488932219726,
                53.85678442569141
              ],
              [
                11.407822641936523,
                53.859290681794924
              ],
              [
                11.565019640532714,
                54.035384736970705
              ],
              [
                12.04107383212207,
                54.096656404451174
              ],
              [
                12.311884913054687,
                54.201942048982424
              ],
              [
                12.46253656621695,
                54.25478611729922
              ],
              [
                12.652518305388671,
                54.32142599673633
              ],
              [
                12.764800104705078,
                54.270328126863284
              ],
              [
                12.943138155547363,
                54.34698446841602
              ],
              [
                13.025811228362304,
                54.265216432527346
              ],
              [
                13.06376555880664,
                54.19368704409961
              ],
              [
                13.349167856780273,
                54.063487611726565
              ],
              [
                13.431016001311523,
                54.03024633975391
              ],
              [
                13.667614969817382,
                54.08416708560352
              ],
              [
                13.737782511321289,
                54.03028830142383
              ],
              [
                13.764326128569824,
                53.87718542666797
              ],
              [
                13.780499491301757,
                53.77517660708789
              ],
              [
                13.850170168486816,
                53.72928961367969
              ],
              [
                14.009740862456542,
                53.67320974917774
              ],
              [
                14.17686370333789,
                53.68340643496875
              ],
              [
                14.189576181975585,
                53.624793611482424
              ],
              [
                14.280191454497558,
                53.61341818423633
              ],
              [
                14.433155092803222,
                53.594214998201174
              ],
              [
                14.537060770598632,
                53.538165651277346
              ],
              [
                14.495303186980468,
                53.624793611482424
              ],
              [
                14.565300974456054,
                53.6935993060625
              ],
              [
                14.55694011172412,
                53.75988348575
              ],
              [
                14.482524904814941,
                53.81853064151172
              ],
              [
                14.472936663237792,
                53.87677725406055
              ],
              [
                14.467412027922851,
                53.910350404695315
              ],
              [
                14.580244322320926,
                53.92901809095972
              ],
              [
                14.885758432952148,
                53.979564271882815
              ],
              [
                15.07968238314746,
                54.00251730533008
              ],
              [
                15.311689409819824,
                54.071002565339846
              ],
              [
                15.89836028536914,
                54.128402315095705
              ],
              [
                16.114680323210937,
                54.19960745425586
              ],
              [
                16.473248514739257,
                54.4150348529375
              ],
              [
                16.9759016366875,
                54.54930838199024
              ],
              [
                17.657612833586914,
                54.685462556794924
              ],
              [
                17.746761135501878,
                54.43250827204232
              ],
              [
                17.111405742532707,
                54.12995808491414
              ],
              [
                16.990385667681434,
                54.19046812233977
              ],
              [
                16.687835480553257,
                54.03919302877569
              ],
              [
                16.808855555404527,
                53.85766291649878
              ],
              [
                16.808855555404527,
                53.46434767323215
              ],
              [
                16.65758046184044,
                53.85766291649878
              ],
              [
                16.20375518114817,
                53.706387822934694
              ],
              [
                16.415540312137896,
                53.52485771065779
              ],
              [
                16.20375518114817,
                53.34332759838088
              ],
              [
                16.05312067396849,
                52.71644728705461
              ],
              [
                15.843905101321067,
                52.7102938878591
              ],
              [
                15.815994659012382,
                52.57074167631567
              ],
              [
                15.760173774395009,
                52.57074167631567
              ],
              [
                15.764534781005738,
                52.26547121356442
              ],
              [
                16.095099082099242,
                52.124174599376694
              ],
              [
                16.50590590483021,
                52.003810816920485
              ],
              [
                16.50590590483021,
                52.17825108134978
              ],
              [
                16.85478643368879,
                51.916590684705845
              ],
              [
                16.85478643368879,
                51.65493028806191
              ],
              [
                17.203666962547363,
                51.61132022195459
              ],
              [
                17.29088709476201,
                51.78576048638388
              ],
              [
                17.552547491405942,
                51.65493028806191
              ],
              [
                17.639767623620585,
                51.4368799575253
              ],
              [
                18.140061199789763,
                50.98765893485682
              ],
              [
                18.646036580345903,
                50.64451035793008
              ],
              [
                18.74563352241608,
                50.266041978063406
              ],
              [
                18.769068769057146,
                50.17698804082737
              ],
              [
                18.79631522616504,
                49.71344717593555
              ],
              [
                18.89645184658895,
                49.71272535284275
              ],
              [
                18.92670686530177,
                49.6219602967043
              ],
              [
                18.52217665551832,
                49.561071513176316
              ],
              [
                18.250373241870594,
                49.18054673406951
              ],
              [
                18.223192900505826,
                48.9902843445161
              ],
              [
                18.114471535046736,
                48.9902843445161
              ],
              [
                18.114471535046736,
                48.85438263769224
              ],
              [
                17.869848462763787,
                48.800021954962695
              ],
              [
                17.353421976833115,
                48.96310400315133
              ],
              [
                17.19033992864448,
                48.44667751722066
              ],
              [
                17.217520270009253,
                48.06615273811384
              ],
              [
                17.462143342292205,
                48.06615273811384
              ],
              [
                17.40778265956266,
                47.821529665830894
              ],
              [
                16.79622497885528,
                47.84327393892271
              ],
              [
                16.622270794120737,
                47.73455257346362
              ],
              [
                16.557037974845283,
                47.495365569453625
              ],
              [
                16.644015067212557,
                47.299667111627265
              ],
              [
                16.557037974845283,
                47.190945746168175
              ],
              [
                16.557037974845283,
                47.060480107617266
              ],
              [
                16.448316609386197,
                46.93001446906636
              ],
              [
                16.448316609386197,
                46.777804557423636
              ],
              [
                16.513549428661648,
                46.625594645780915
              ],
              [
                16.296106697743472,
                46.408151914862735
              ],
              [
                16.535293701753467,
                46.364663368679096
              ],
              [
                16.448316609386197,
                46.103732091577285
              ],
              [
                16.2091296053762,
                46.14722063776092
              ],
              [
                16.078663966825292,
                45.886289360659106
              ],
              [
                16.2091296053762,
                45.734079449016384
              ],
              [
                16.122152513008928,
                45.581869537373656
              ],
              [
                15.469824320254395,
                45.734079449016384
              ],
              [
                15.423617739934283,
                45.429659625730935
              ],
              [
                14.880010912638838,
                45.48402030846048
              ],
              [
                14.79846988854452,
                45.864545087567286
              ],
              [
                14.5266664748968,
                45.78300406347297
              ],
              [
                14.354488405791503,
                45.32289084048633
              ],
              [
                14.075900831918274,
                45.27622876895767
              ],
              [
                13.989806030447117,
                45.419720104742936
              ],
              [
                14.219392167703536,
                45.47711663905704
              ],
              [
                14.075900831918274,
                45.6780045091564
              ],
              [
                13.67318061312793,
                45.71450766177539
              ],
              [
                13.564614328948242,
                45.72652395816211
              ],
              [
                13.437729868499023,
                45.638431154207034
              ],
              [
                13.367695841399414,
                45.69448813052539
              ],
              [
                13.500387806353855,
                45.940027500065376
              ],
              [
                13.606337580291015,
                46.13213690371875
              ],
              [
                13.6211014123833,
                46.420882783845705
              ],
              [
                13.725147154229617,
                46.646414021960624
              ],
              [
                13.709092915095635,
                46.83906489156842
              ],
              [
                13.58065900202377,
                46.83906489156842
              ],
              [
                13.516442045487839,
                46.99960728290825
              ],
              [
                13.291682697612078,
                47.06382423944418
              ],
              [
                12.697675849654708,
                46.9514445655063
              ],
              [
                12.407154703364085,
                46.96407591969285
              ],
              [
                12.328428349573102,
                46.967498804640286
              ],
              [
                12.217808756438476,
                46.88431891055469
              ],
              [
                12.074753794280273,
                46.92750509829883
              ],
              [
                11.739651617080053,
                46.751658958855224
              ],
              [
                11.908413866924741,
                46.414134459165844
              ],
              [
                11.570889367235365,
                46.245372209321154
              ],
              [
                11.570889367235365,
                45.975352609569654
              ],
              [
                11.3346222174528,
                46.00910505953859
              ],
              [
                11.233364867545989,
                46.00910505953859
              ],
              [
                11.165859967608114,
                45.73908545978709
              ],
              [
                10.929592817825549,
                45.84034280969391
              ],
              [
                10.7945830179498,
                45.63782810988028
              ],
              [
                10.65957321807405,
                45.806590359724964
              ],
              [
                10.524563418198298,
                45.73908545978709
              ],
              [
                10.457058518260423,
                46.21161975935222
              ],
              [
                10.558315868167236,
                46.312877109259034
              ],
              [
                10.558315868167236,
                46.71790650888628
              ],
              [
                10.395699534026367,
                46.88741263003711
              ],
              [
                10.338723215666992,
                46.74834784121875
              ],
              [
                10.389193567839843,
                46.65275915713672
              ],
              [
                10.372107538787109,
                46.566302858308596
              ],
              [
                10.23034385165332,
                46.58925589175586
              ],
              [
                10.151240381804687,
                46.66186483950977
              ],
              [
                10.023653063384277,
                46.62089880557422
              ],
              [
                9.987427744475585,
                46.4980541095293
              ],
              [
                10.097109827605468,
                46.438914857820315
              ],
              [
                9.994528803435546,
                46.25247534366016
              ],
              [
                9.884957346526367,
                46.402530275300784
              ],
              [
                9.67374041995166,
                46.37979086490039
              ],
              [
                9.642048868743164,
                46.32522162051563
              ],
              [
                9.544866594878417,
                46.31158407779102
              ],
              [
                9.58168796038019,
                45.89302924034952
              ],
              [
                9.695144280553256,
                45.779572920176456
              ],
              [
                9.506050413598146,
                45.514841506439296
              ],
              [
                9.846419374117344,
                45.70393537339441
              ],
              [
                9.92205692089939,
                45.666116600003384
              ],
              [
                9.997694467681434,
                45.40138518626623
              ],
              [
                10.376652918577285,
                45.3743828896956
              ],
              [
                10.67499426980646,
                45.353124882053535
              ],
              [
                10.824432085154767,
                45.353124882053535
              ],
              [
                10.856080977908093,
                45.05067155043698
              ],
              [
                11.169817827810615,
                45.067184016221326
              ],
              [
                11.33916233802116,
                44.85499883089251
              ],
              [
                11.256141329494323,
                44.78858202407104
              ],
              [
                11.173120320967485,
                44.605935805312
              ],
              [
                11.289349732905057,
                44.456497989963694
              ],
              [
                11.289349732905057,
                44.37347698143685
              ],
              [
                11.139911917556748,
                44.34026857802612
              ],
              [
                11.201986087009125,
                44.142550853103735
              ],
              [
                11.322558136315791,
                44.15762235926707
              ],
              [
                11.289349732905057,
                44.224039166088545
              ],
              [
                11.455391749958732,
                44.27385177120465
              ],
              [
                11.571621161896305,
                44.224039166088545
              ],
              [
                11.555016960190937,
                44.19083076267781
              ],
              [
                11.704454775539245,
                44.224039166088545
              ],
              [
                11.687850573833877,
                44.25724756949928
              ],
              [
                11.73766317894998,
                44.35687277973149
              ],
              [
                11.80407998577145,
                44.34026857802612
              ],
              [
                11.853892590887554,
                44.35687277973149
              ],
              [
                11.903705196003656,
                44.32366437632075
              ],
              [
                11.887100994298287,
                44.25724756949928
              ],
              [
                11.936913599414389,
                44.09120555244561
              ],
              [
                12.019934607941227,
                44.17422656097244
              ],
              [
                12.086351414762698,
                44.17422656097244
              ],
              [
                12.053143011351963,
                44.10780975415097
              ],
              [
                12.053143011351963,
                44.07460135074024
              ],
              [
                12.036538809646595,
                43.92516353539193
              ],
              [
                12.086351414762698,
                43.842142526865096
              ],
              [
                12.169372423289534,
                43.8919551319812
              ],
              [
                12.219185028405636,
                43.8919551319812
              ],
              [
                12.119559818173432,
                43.74251731663289
              ],
              [
                12.102955616468066,
                43.60968370298995
              ],
              [
                12.119559818173432,
                43.47685008934701
              ],
              [
                12.219185028405636,
                43.344016475704066
              ],
              [
                12.302206036932475,
                43.344016475704066
              ],
              [
                12.302206036932475,
                43.2775996688826
              ],
              [
                12.219185028405636,
                43.2277870637665
              ],
              [
                12.152768221584168,
                43.06174504671282
              ],
              [
                12.169372423289534,
                42.912307231364515
              ],
              [
                12.185976624994902,
                42.912307231364515
              ],
              [
                12.152768221584168,
                42.696452609194736
              ],
              [
                12.169372423289534,
                42.630035802373264
              ],
              [
                12.129717682746126,
                42.596046024764625
              ],
              [
                12.053143011351963,
                42.53041059214106
              ],
              [
                12.06974721305733,
                42.29795176826592
              ],
              [
                12.003330406235861,
                42.248139163149816
              ],
              [
                12.019934607941227,
                42.09870134780151
              ],
              [
                11.960132972376597,
                42.00737273955097
              ],
              [
                11.497365030852539,
                42.376353822664065
              ],
              [
                11.104763063994628,
                42.549083314851565
              ],
              [
                10.742755922881347,
                42.850509248689455
              ],
              [
                10.487745318022949,
                43.235938631013674
              ],
              [
                10.337910145884042,
                43.596202827939074
              ],
              [
                10.292479548064453,
                43.70543631167774
              ],
              [
                10.261382708001271,
                43.74523947476491
              ],
              [
                10.155236147769687,
                43.88110436777192
              ],
              [
                10.136747393218261,
                43.904769502595705
              ],
              [
                9.909300837126953,
                44.110477052644534
              ],
              [
                9.825498048980155,
                44.152548314253266
              ],
              [
                9.691935572234375,
                44.219600282625
              ],
              [
                9.157044443694335,
                44.37323721499805
              ],
              [
                8.896585497466308,
                44.43718679995899
              ],
              [
                8.671724352446777,
                44.417403779939455
              ],
              [
                8.186360392180664,
                44.12639959903125
              ],
              [
                8.089567661878178,
                44.05082949636362
              ],
              [
                7.97952655276416,
                43.964915834382815
              ],
              [
                7.689120325652343,
                43.88704641909961
              ],
              [
                7.552810225096923,
                43.867450319246096
              ],
              [
                7.467525371397153,
                43.81083423022823
              ],
              [
                7.397118601409179,
                43.76409491153125
              ],
              [
                7.355150497422891,
                43.901511001158944
              ],
              [
                6.922790372483864,
                43.81503897617114
              ],
              [
                6.885730933203376,
                43.901511001158944
              ],
              [
                6.959849811764352,
                43.91386414758577
              ],
              [
                6.922790372483864,
                43.97562987971992
              ],
              [
                6.996909251044841,
                44.04974875828089
              ],
              [
                6.972202958191182,
                44.062101904707724
              ],
              [
                6.935143518910694,
                44.1362207832687
              ],
              [
                6.885730933203376,
                44.14857392969553
              ],
              [
                6.836318347496059,
                44.11151449041504
              ],
              [
                6.786905761788741,
                44.197986515402846
              ],
              [
                6.786905761788741,
                44.296811686817485
              ],
              [
                6.869778189269287,
                44.34917028994922
              ],
              [
                6.782917532531005,
                44.54787405581836
              ],
              [
                6.924694094268066,
                44.71501883120899
              ],
              [
                7.003469976989013,
                44.71953543277149
              ],
              [
                6.942603621093017,
                44.86865194888477
              ],
              [
                6.665318045226318,
                44.95452078433399
              ],
              [
                6.507319483367187,
                45.115707002595705
              ],
              [
                6.280426758288739,
                45.19859137597602
              ],
              [
                6.24336731900825,
                45.29741654739066
              ],
              [
                6.26807361186191,
                45.32212284024432
              ],
              [
                6.218661026154592,
                45.34682913309798
              ],
              [
                6.144542147593617,
                45.32212284024432
              ],
              [
                6.082776415459469,
                45.371535425951635
              ],
              [
                6.033363829752153,
                45.334475986671144
              ],
              [
                6.058070122605811,
                45.22329766882968
              ],
              [
                5.946891804764347,
                45.26035710811017
              ],
              [
                5.934538658337518,
                45.32212284024432
              ],
              [
                5.823360340496054,
                45.39624171880529
              ],
              [
                5.607083159727774,
                45.84657830923068
              ],
              [
                5.356666000230306,
                45.876039151524495
              ],
              [
                5.356666000230306,
                46.052804205287416
              ],
              [
                5.533431053993224,
                46.008612941846685
              ],
              [
                5.533431053993224,
                46.096995468728146
              ],
              [
                5.268283473348847,
                46.31795178593179
              ],
              [
                5.415587684817945,
                46.52417768198853
              ],
              [
                5.645716162577157,
                46.4567227963447
              ],
              [
                5.724926528903053,
                46.4799864185478
              ],
              [
                5.739656950049963,
                46.59782978772308
              ],
              [
                5.625539563395728,
                46.64907846072007
              ],
              [
                5.646444114038196,
                46.84980832209718
              ],
              [
                5.757015581895596,
                46.88666547804965
              ],
              [
                5.793872737848062,
                46.99723694590705
              ],
              [
                5.667288567732019,
                47.10831750841926
              ],
              [
                5.736870241625835,
                47.233564521428136
              ],
              [
                5.778619245962126,
                47.358811534437
              ],
              [
                5.792535580740889,
                47.5118912170034
              ],
              [
                5.917782593749759,
                47.59538922567598
              ],
              [
                5.820368250298417,
                47.73455257346362
              ],
              [
                5.95953159808605,
                47.80413424735743
              ],
              [
                5.95953159808605,
                47.98504659948136
              ],
              [
                6.056945941537394,
                47.95721392992383
              ],
              [
                6.098694945873683,
                48.02679560381765
              ],
              [
                6.251774628440081,
                47.95721392992383
              ],
              [
                6.237858293661318,
                48.29120596461415
              ],
              [
                5.945615263307287,
                48.34687130372921
              ],
              [
                6.015196937201104,
                48.653030668862
              ],
              [
                5.83428458507718,
                48.77827768187087
              ],
              [
                6.00128060242234,
                48.90352469487974
              ],
              [
                5.87603358941347,
                49.070520712224905
              ],
              [
                5.722953906847073,
                48.959190033994794
              ],
              [
                5.611623228616965,
                49.209684060012535
              ],
              [
                5.903866258970996,
                49.19576772523377
              ],
              [
                5.909256214734315,
                49.200859868256885
              ],
              [
                5.361129202599225,
                49.69675577726925
              ],
              [
                4.25521547314937,
                49.88723560955358
              ],
              [
                3.820330011313015,
                50.039445521196306
              ],
              [
                3.482680234946868,
                49.920460407672934
              ],
              [
                2.907273158895701,
                49.94347669071498
              ],
              [
                2.677110328475234,
                50.1506232380934
              ],
              [
                2.400914931970674,
                50.196655804177496
              ],
              [
                2.14773581850816,
                50.058558105925215
              ],
              [
                1.986621837213834,
                50.08157438896726
              ],
              [
                1.986621837213834,
                50.21967208721954
              ],
              [
                1.825507855919507,
                50.24268837026159
              ],
              [
                1.796177011925293,
                50.92141446442835
              ],
              [
                1.823555264083129,
                50.93456228824024
              ],
              [
                2.030328068343383,
                51.006656251863284
              ],
              [
                2.442595991698486,
                51.04803045840625
              ],
              [
                2.522131952849609,
                51.09112127871875
              ],
              [
                2.995262178984863,
                51.313479982332034
              ],
              [
                3.213605198470336,
                51.35356863589649
              ],
              [
                3.472019943801147,
                51.31439169497852
              ],
              [
                3.681297096816284,
                51.3214183673418
              ],
              [
                3.775046858397705,
                51.38774450869922
              ],
              [
                3.743475946990234,
                51.460452638582034
              ],
              [
                3.520320448485595,
                51.57913549991016
              ],
              [
                3.878135714141113,
                51.79172857852344
              ],
              [
                4.264411482421142,
                52.07089193911914
              ],
              [
                4.387240442839843,
                52.230365358308596
              ],
              [
                4.641012701598388,
                52.75569876284961
              ],
              [
                4.718774351683837,
                52.80241736026172
              ],
              [
                5.008403811064941,
                52.85619314761524
              ],
              [
                5.173285517302734,
                52.743419252351565
              ],
              [
                5.234628233519775,
                52.62285193057422
              ],
              [
                5.108244452086669,
                52.5315013751543
              ],
              [
                5.006087812987548,
                52.55688437075977
              ],
              [
                5.035744223204834,
                52.333716951326174
              ],
              [
                4.949828180876953,
                52.27794607730274
              ],
              [
                5.473186525908691,
                52.17660482974414
              ],
              [
                5.574368986693603,
                52.28301580996875
              ],
              [
                5.756913218108398,
                52.333716951326174
              ],
              [
                5.817143950072509,
                52.52136190982227
              ],
              [
                5.611254725066406,
                52.5315013751543
              ],
              [
                5.555709871855957,
                52.58732184024219
              ],
              [
                5.546892675963623,
                52.678695283845705
              ],
              [
                5.653440508452636,
                52.74977835269336
              ],
              [
                5.576382670012695,
                52.759933076814455
              ],
              [
                5.325746092406494,
                52.790408693269534
              ],
              [
                5.358019384947998,
                52.937747560457034
              ],
              [
                5.342753443328125,
                52.99631079287891
              ],
              [
                5.332119974700195,
                53.01144751162891
              ],
              [
                5.389523062316162,
                53.13857229800586
              ],
              [
                5.647349867430908,
                53.227759920076174
              ],
              [
                5.966306719390136,
                53.33501013369922
              ],
              [
                6.260716471282226,
                53.32174261660938
              ],
              [
                6.750721964446289,
                53.38986166568164
              ],
              [
                6.861045393553955,
                53.26576193423633
              ],
              [
                7.00905946215747,
                53.24541052432422
              ],
              [
                7.043283495513183,
                53.164004884675784
              ],
              [
                7.159938845244628,
                53.16400106997852
              ],
              [
                7.189745459166748,
                53.230140291169924
              ],
              [
                6.980709108916503,
                53.3166576251543
              ],
              [
                7.03733209094165,
                53.51014669986133
              ],
              [
                7.165639433470947,
                53.591670595125
              ],
              [
                7.332391771880371,
                53.60442694278125
              ],
              [
                7.836380991545898,
                53.63209494204883
              ],
              [
                7.87502889291447,
                53.63368572579089
              ],
              [
                7.968539270964843,
                53.63753470034961
              ],
              [
                8.011022600737792,
                53.565692506746096
              ],
              [
                8.098732981291992,
                53.44393499942188
              ],
              [
                8.029082331267578,
                53.37264975161914
              ],
              [
                8.174986872283203,
                53.32174261660938
              ],
              [
                8.241933855620605,
                53.3522907123125
              ],
              [
                8.260771784392578,
                53.438846193269534
              ],
              [
                8.189001116362792,
                53.530520997957034
              ],
              [
                8.30565074404834,
                53.52543219180469
              ],
              [
                8.501803431121093,
                53.44902762027149
              ],
              [
                8.42865756472705,
                53.61204870791797
              ],
              [
                8.516240577905567,
                53.76104174723696
              ],
              [
                8.539542231169921,
                53.80068167300586
              ],
              [
                8.585600878584321,
                53.7930778153404
              ]
            ],
            [
              [
                6.868374690814465,
                47.18718743802177
              ],
              [
                6.853727373114427,
                47.15233561863003
              ],
              [
                6.714577854964077,
                47.08755013318224
              ],
              [
                6.736548831514132,
                47.042652428867115
              ],
              [
                6.546133701413653,
                46.95774247176754
              ],
              [
                6.729225172664114,
                46.87770393860093
              ],
              [
                7.212586656765327,
                47.12244442773029
              ],
              [
                7.007524208964814,
                46.63687085468651
              ],
              [
                7.25652860986544,
                46.440401230032386
              ],
              [
                7.439620081115901,
                45.923195456322446
              ],
              [
                7.637358870066396,
                45.96393647297522
              ],
              [
                7.820450341316857,
                45.92828972074276
              ],
              [
                7.974247177167245,
                46.024991862745075
              ],
              [
                8.142691330717668,
                46.151974257421486
              ],
              [
                8.076778401067504,
                46.29384752114704
              ],
              [
                8.150014989567683,
                46.29384752114704
              ],
              [
                8.274517190018,
                46.33937178492507
              ],
              [
                8.289164507718034,
                46.38990988304468
              ],
              [
                8.3550774373682,
                46.43030670053192
              ],
              [
                8.655347450218956,
                46.53116785485031
              ],
              [
                8.889704533419547,
                46.27360235797904
              ],
              [
                8.999559416169822,
                46.30902648386845
              ],
              [
                8.823791603769381,
                46.58152832078974
              ],
              [
                9.497568217971077,
                46.792531987163144
              ],
              [
                9.504891876821093,
                47.03766146076766
              ],
              [
                9.519539194521132,
                47.072588433336904
              ],
              [
                9.482920900271038,
                47.18221000682572
              ],
              [
                9.570804806471257,
                47.266762870385406
              ],
              [
                9.680659689221535,
                47.43546408961284
              ],
              [
                9.61686450855526,
                47.495817667608804
              ],
              [
                9.641345290198974,
                47.50711126748055
              ],
              [
                9.64783212793817,
                47.488110994128014
              ],
              [
                9.665830095197322,
                47.49598965630363
              ],
              [
                9.678074563190693,
                47.488834209737405
              ],
              [
                9.699246020649776,
                47.50628272822371
              ],
              [
                9.742809515024337,
                47.504640797816485
              ],
              [
                9.752371325522281,
                47.51076644905111
              ],
              [
                9.712416939502718,
                47.55061659600564
              ],
              [
                9.680344534585727,
                47.54265822345445
              ],
              [
                9.680243137506228,
                47.55630921377518
              ],
              [
                9.653150344436488,
                47.55618248403419
              ],
              [
                9.62819114515806,
                47.57039558844471
              ],
              [
                9.606712670379503,
                47.57248189051159
              ],
              [
                9.60088044237073,
                47.58531266106803
              ],
              [
                9.56335717626282,
                47.584746979125
              ],
              [
                9.5339256480945,
                47.59678061932501
              ],
              [
                9.502257340469352,
                47.64637098550931
              ],
              [
                9.488171047056394,
                47.651505682883
              ],
              [
                9.466080995855355,
                47.64798023777849
              ],
              [
                9.421182075871505,
                47.66594768445761
              ],
              [
                9.347634956983754,
                47.660919078143486
              ],
              [
                9.287804878151578,
                47.683765275235324
              ],
              [
                9.237245446629197,
                47.711482986700766
              ],
              [
                9.225777565070517,
                47.739347885480086
              ],
              [
                9.132380912926813,
                47.77233665825951
              ],
              [
                9.105701403173684,
                47.79244785892643
              ],
              [
                9.042968426858371,
                47.817624090976025
              ],
              [
                9.030608947173162,
                47.80499434017611
              ],
              [
                9.06687405483502,
                47.779532244267855
              ],
              [
                9.173649406371743,
                47.734443430470506
              ],
              [
                9.179800812772427,
                47.70459486004789
              ],
              [
                9.201323419921486,
                47.707409761844914
              ],
              [
                9.188048383707981,
                47.69930759937596
              ],
              [
                9.211480461040331,
                47.68278743369377
              ],
              [
                9.217880454657571,
                47.666308565142764
              ],
              [
                9.12427050641381,
                47.670700736835244
              ],
              [
                9.112519530198746,
                47.68572201095995
              ],
              [
                9.081389504422836,
                47.68320700711846
              ],
              [
                9.043323638417071,
                47.69346286852432
              ],
              [
                9.048183735261208,
                47.70827352674581
              ],
              [
                9.084469172589861,
                47.68972093590616
              ],
              [
                9.10902282658467,
                47.69016204849861
              ],
              [
                9.100921224629866,
                47.702421832185856
              ],
              [
                8.987175500981742,
                47.74340889394121
              ],
              [
                9.01401797736814,
                47.71960763133936
              ],
              [
                8.959238171322115,
                47.73739127940454
              ],
              [
                8.939972749823733,
                47.726182321942055
              ],
              [
                8.994297857106877,
                47.70671364928088
              ],
              [
                9.00635064628403,
                47.694759228843544
              ],
              [
                8.99458859182209,
                47.68441116867369
              ],
              [
                8.936604233198908,
                47.65937945325917
              ],
              [
                8.897028192269564,
                47.65298306280818
              ],
              [
                8.801820627219323,
                47.74663273922988
              ],
              [
                8.530845249768642,
                47.80569324025174
              ],
              [
                8.40634304931833,
                47.69243500902319
              ],
              [
                8.508874273218588,
                47.59868793307967
              ],
              [
                7.732566435116636,
                47.524558221080845
              ],
              [
                7.72524277626662,
                47.60362618450617
              ],
              [
                7.571445940416232,
                47.58387038194418
              ],
              [
                7.468914716515973,
                47.48497948159726
              ],
              [
                7.337088857215643,
                47.440417727370495
              ],
              [
                6.948934938164665,
                47.226990086959105
              ],
              [
                6.868374690814465,
                47.18718743802177
              ]
            ],
            [
              [
                6.448639414796144,
                46.47363192883472
              ],
              [
                6.399366830301586,
                46.458688728465745
              ],
              [
                6.384794633556074,
                46.46430289385845
              ],
              [
                6.346871930666223,
                46.46094815254606
              ],
              [
                6.2912738204431,
                46.422658307372956
              ],
              [
                6.274123806967107,
                46.39014042210051
              ],
              [
                6.258912357066373,
                46.3925019868991
              ],
              [
                6.248222955748419,
                46.38605643507135
              ],
              [
                6.171351592047537,
                46.295829635984404
              ],
              [
                6.147796147590462,
                46.20673725502066
              ],
              [
                6.172219470275174,
                46.211872294689975
              ],
              [
                6.193824202060431,
                46.238419184332706
              ],
              [
                6.199127865688836,
                46.263974311208905
              ],
              [
                6.235320097735189,
                46.289106588791334
              ],
              [
                6.27784874181629,
                46.35037762441313
              ],
              [
                6.30354410983879,
                46.36604951821137
              ],
              [
                6.343528405304224,
                46.37010514332916
              ],
              [
                6.360944279594113,
                46.347862108145755
              ],
              [
                6.389247743870544,
                46.340049439200115
              ],
              [
                6.413511182182861,
                46.36002808258668
              ],
              [
                6.477321964444022,
                46.375612154443324
              ],
              [
                6.484300994278125,
                46.39337594537425
              ],
              [
                6.514880880306399,
                46.404865961350175
              ],
              [
                6.545074937533656,
                46.39478964497198
              ],
              [
                6.636771707491414,
                46.40672155389668
              ],
              [
                6.725509048568351,
                46.40831394149905
              ],
              [
                6.856912456646007,
                46.38532553426575
              ],
              [
                6.860532891338509,
                46.39567135854787
              ],
              [
                6.918682026631522,
                46.395206936852965
              ],
              [
                6.930871450577103,
                46.408351227966136
              ],
              [
                6.900908887160469,
                46.439689214556104
              ],
              [
                6.857901656145032,
                46.44947118554421
              ],
              [
                6.832041624067764,
                46.46683262184003
              ],
              [
                6.776499274150077,
                46.47343949712618
              ],
              [
                6.742657920910335,
                46.48864679559679
              ],
              [
                6.720869389583737,
                46.485596225120794
              ],
              [
                6.689435812086666,
                46.50021827068076
              ],
              [
                6.59204288810731,
                46.51769616755476
              ],
              [
                6.558787383904959,
                46.507196480082904
              ],
              [
                6.511094375255204,
                46.515893700404824
              ],
              [
                6.448639414796144,
                46.47363192883472
              ]
            ]
          ],
          [
            [
              [
                9.139912757901124,
                47.66512715237991
              ],
              [
                9.177931706890412,
                47.664332143247975
              ],
              [
                9.188972040298468,
                47.65081161990754
              ],
              [
                9.139912757901124,
                47.66512715237991
              ]
            ]
          ],
          [
            [
              [
                8.97635885326021,
                47.665804706169055
              ],
              [
                8.98349781779857,
                47.66997824848036
              ],
              [
                9.010931712396605,
                47.67139246838201
              ],
              [
                8.97635885326021,
                47.665804706169055
              ]
            ]
          ]
        ]
      }
    },
    {
      "type": "Feature",
      "properties": {
        "NAME": "Swiss Confederation",
        "ABBREVN": "Swiss Confederation",
        "SUBJECTO": "Swiss Confederation",
        "BORDERPRECISION": 1,
        "PARTOF": "Swiss Confederation"
      },
      "geometry": {
        "type": "MultiPolygon",
        "coordinates": [
          [
            [
              [
                7.468914716515973,
                47.48497948159726
              ],
              [
                7.571445940416232,
                47.58387038194418
              ],
              [
                7.72524277626662,
                47.60362618450617
              ],
              [
                7.732566435116636,
                47.524558221080845
              ],
              [
                8.508874273218588,
                47.59868793307967
              ],
              [
                8.40634304931833,
                47.69243500902319
              ],
              [
                8.530845249768642,
                47.80569324025174
              ],
              [
                8.801820627219323,
                47.74663273922988
              ],
              [
                8.897028192269564,
                47.65298306280818
              ],
              [
                8.936604233198908,
                47.65937945325917
              ],
              [
                8.93572619268792,
                47.65900040517249
              ],
              [
                8.89424668674045,
                47.651981092802714
              ],
              [
                8.859761867303298,
                47.65720259885761
              ],
              [
                8.906531941740655,
                47.64470239066858
              ],
              [
                8.960973389973663,
                47.65681014096839
              ],
              [
                8.97635885326021,
                47.665804706169055
              ],
              [
                9.010931712396605,
                47.67139246838201
              ],
              [
                9.065714698442651,
                47.674216536574775
              ],
              [
                9.090169214235457,
                47.67299879536117
              ],
              [
                9.09631748974732,
                47.666038767172346
              ],
              [
                9.139912757901124,
                47.66512715237991
              ],
              [
                9.188972040298468,
                47.65081161990754
              ],
              [
                9.191228667349208,
                47.648048045875626
              ],
              [
                9.300064856849982,
                47.61072946127637
              ],
              [
                9.382401971062464,
                47.5712252392877
              ],
              [
                9.38681144658924,
                47.544314745924304
              ],
              [
                9.437436949905864,
                47.518945191698386
              ],
              [
                9.435761421667744,
                47.506522607680544
              ],
              [
                9.466216843906906,
                47.49633046022211
              ],
              [
                9.481890678413858,
                47.48171362179569
              ],
              [
                9.52988310330231,
                47.48141384927814
              ],
              [
                9.560997473255647,
                47.50048807652424
              ],
              [
                9.59837981703166,
                47.487290214815076
              ],
              [
                9.61686450855526,
                47.495817667608804
              ],
              [
                9.680659689221535,
                47.43546408961284
              ],
              [
                9.570804806471257,
                47.266762870385406
              ],
              [
                9.482920900271038,
                47.18221000682572
              ],
              [
                9.519539194521132,
                47.072588433336904
              ],
              [
                9.504891876821093,
                47.03766146076766
              ],
              [
                9.497568217971077,
                46.792531987163144
              ],
              [
                8.823791603769381,
                46.58152832078974
              ],
              [
                8.999559416169822,
                46.30902648386845
              ],
              [
                8.889704533419547,
                46.27360235797904
              ],
              [
                8.655347450218956,
                46.53116785485031
              ],
              [
                8.3550774373682,
                46.43030670053192
              ],
              [
                8.289164507718034,
                46.38990988304468
              ],
              [
                8.274517190018,
                46.33937178492507
              ],
              [
                8.150014989567683,
                46.29384752114704
              ],
              [
                8.076778401067504,
                46.29384752114704
              ],
              [
                8.142691330717668,
                46.151974257421486
              ],
              [
                7.974247177167245,
                46.024991862745075
              ],
              [
                7.820450341316857,
                45.92828972074276
              ],
              [
                7.637358870066396,
                45.96393647297522
              ],
              [
                7.439620081115901,
                45.923195456322446
              ],
              [
                7.25652860986544,
                46.440401230032386
              ],
              [
                7.007524208964814,
                46.63687085468651
              ],
              [
                7.212586656765327,
                47.12244442773029
              ],
              [
                6.729225172664114,
                46.87770393860093
              ],
              [
                6.546133701413653,
                46.95774247176754
              ],
              [
                6.736548831514132,
                47.042652428867115
              ],
              [
                6.714577854964077,
                47.08755013318224
              ],
              [
                6.853727373114427,
                47.15233561863003
              ],
              [
                6.868374690814465,
                47.18718743802177
              ],
              [
                6.948934938164665,
                47.226990086959105
              ],
              [
                7.337088857215643,
                47.440417727370495
              ],
              [
                7.468914716515973,
                47.48497948159726
              ]
            ]
          ]
        ]
      }
    },
    {
      "type": "Feature",
      "properties": {
        "NAME": "Crimean Khanate",
        "ABBREVN": "Crimean Khanate",
        "SUBJECTO": "Ottoman Empire",
        "BORDERPRECISION": 1,
        "PARTOF": "Ottoman Empire",
        "wikipedia": null
      },
      "geometry": {
        "type": "MultiPolygon",
        "coordinates": [
          [
            [
              [
                31.976573287018795,
                46.83560999419158
              ],
              [
                32.015519928839865,
                46.88074909592444
              ],
              [
                36.07009119029129,
                47.89812809597303
              ],
              [
                37.50182567918726,
                48.4411997986577
              ],
              [
                37.69930629834532,
                48.93490134655286
              ],
              [
                38.13611358684011,
                49.04904202943989
              ],
              [
                40.02647141522063,
                49.080365976747565
              ],
              [
                42.586951622507385,
                50.909707538133496
              ],
              [
                43.67309502787673,
                50.86033738334398
              ],
              [
                44.364277194929954,
                49.42860289444802
              ],
              [
                42.524167467140586,
                47.0509879345626
              ],
              [
                42.411475854041285,
                46.726817802961186
              ],
              [
                41.30960614170756,
                43.55716533432493
              ],
              [
                41.12255385836718,
                43.019088350251955
              ],
              [
                40.969336542693355,
                43.07665976138477
              ],
              [
                40.55709365328906,
                43.14658697696094
              ],
              [
                40.251616510955074,
                43.268184267
              ],
              [
                40.09806350192187,
                43.37755163760547
              ],
              [
                39.458689722624996,
                43.832931123689455
              ],
              [
                38.92371276339648,
                44.21186026187305
              ],
              [
                38.5560903879082,
                44.38509710879688
              ],
              [
                38.27700332125781,
                44.42320593448047
              ],
              [
                38.10918334445117,
                44.49377401919727
              ],
              [
                37.880373987761715,
                44.71894796939258
              ],
              [
                37.774050745574215,
                44.74454077334766
              ],
              [
                37.62174514254687,
                44.67330893130664
              ],
              [
                37.47389129122851,
                44.692359529451174
              ],
              [
                37.31793883761523,
                44.92420919986133
              ],
              [
                36.959868464080074,
                45.22735556216602
              ],
              [
                37.22774795016406,
                45.3120189532793
              ],
              [
                37.46097091158984,
                45.312476716951174
              ],
              [
                37.661265406218746,
                45.345233522371096
              ],
              [
                37.70609572848437,
                45.57840307803516
              ],
              [
                37.86787703951953,
                45.79251440616016
              ],
              [
                37.98994353732226,
                46.00666006656055
              ],
              [
                38.22715285739062,
                46.020091615632815
              ],
              [
                38.45897963961718,
                46.07891424746875
              ],
              [
                38.26491454562304,
                46.31855734439258
              ],
              [
                37.97017196139453,
                46.44128378482227
              ],
              [
                37.75709823092578,
                46.60319098086719
              ],
              [
                37.86659911593554,
                46.65535696597461
              ],
              [
                38.031863245574215,
                46.66868170352344
              ],
              [
                38.401091608611324,
                46.721351228669924
              ],
              [
                38.72273925265429,
                46.87792166324024
              ],
              [
                39.282359156218746,
                47.07403143496875
              ],
              [
                39.194094690886715,
                47.24295004458789
              ],
              [
                39.159853968230465,
                47.26889380069141
              ],
              [
                38.80024627169726,
                47.22916754336719
              ],
              [
                38.209727320281246,
                47.15045889468555
              ],
              [
                37.85925200900195,
                47.103744111970705
              ],
              [
                37.42214492282031,
                47.076881013826174
              ],
              [
                37.19263366183398,
                46.894420228914065
              ],
              [
                36.86455825289843,
                46.80929144473438
              ],
              [
                36.35396865328906,
                46.77579840274219
              ],
              [
                35.85055831393359,
                46.66439016909961
              ],
              [
                35.624331507292965,
                46.521060548738284
              ],
              [
                35.41610244235156,
                46.49468954654102
              ],
              [
                35.21237472018359,
                46.63714178653125
              ],
              [
                35.04636672457812,
                46.357650361970705
              ],
              [
                34.906809839812496,
                46.273021303132815
              ],
              [
                34.69234755953906,
                46.25312765689258
              ],
              [
                34.4956541391289,
                46.27870138736133
              ],
              [
                34.06421569308398,
                46.26487310977344
              ],
              [
                33.83908370455859,
                46.19305380435352
              ],
              [
                34.1272573800957,
                46.06389959903125
              ],
              [
                35.00805190524218,
                45.6119457110918
              ],
              [
                35.031897577849605,
                45.53427466006641
              ],
              [
                34.99001220187304,
                45.450015626863284
              ],
              [
                35.063418421355465,
                45.340098939851565
              ],
              [
                35.31667617282031,
                45.32118185611133
              ],
              [
                35.54621795138476,
                45.379893861726565
              ],
              [
                35.84976485690234,
                45.445228181794924
              ],
              [
                36.32316497286914,
                45.43969687075977
              ],
              [
                36.52104857882617,
                45.38828619571094
              ],
              [
                36.41513350924609,
                45.27157171817188
              ],
              [
                36.3671141000664,
                45.161483369783205
              ],
              [
                36.26475432833789,
                45.09658773990039
              ],
              [
                36.0046987863457,
                45.04433401675586
              ],
              [
                35.865454706755855,
                45.03111990542774
              ],
              [
                35.59955504855273,
                45.10174139590625
              ],
              [
                35.386660608855465,
                45.08192404361133
              ],
              [
                35.0673208566582,
                44.86172445865039
              ],
              [
                34.61416152438281,
                44.841468416169924
              ],
              [
                34.3722410531914,
                44.75717505069141
              ],
              [
                34.13495543917773,
                44.53749807925586
              ],
              [
                34.01372436007617,
                44.49212225528125
              ],
              [
                33.66015532931445,
                44.523658357576174
              ],
              [
                33.39549544772265,
                44.60049017520313
              ],
              [
                33.55937865695117,
                44.93613775821094
              ],
              [
                33.516673121062496,
                45.12350805850391
              ],
              [
                33.39787200411914,
                45.2526813373125
              ],
              [
                33.013491663542965,
                45.38137014956836
              ],
              [
                32.92628768405078,
                45.387672029451174
              ],
              [
                32.64344695529101,
                45.380633912996096
              ],
              [
                32.57530120333789,
                45.36108358950977
              ],
              [
                32.50324157199023,
                45.44510229678516
              ],
              [
                32.902258905974605,
                45.67258032412891
              ],
              [
                33.19164946993945,
                45.78977545352344
              ],
              [
                33.539458307830074,
                45.874713502839846
              ],
              [
                33.63883880099414,
                45.92677267642383
              ],
              [
                33.52794555148242,
                46.13406332583789
              ],
              [
                33.33253386935351,
                46.16611059756641
              ],
              [
                32.97293380221484,
                46.14594992251758
              ],
              [
                32.51644423922656,
                46.12558325381641
              ],
              [
                32.20216659030078,
                46.170360170320315
              ],
              [
                32.114104303923824,
                46.215621553376955
              ],
              [
                31.92594054659961,
                46.409930787996096
              ],
              [
                32.188792261687496,
                46.59223898501758
              ],
              [
                31.976573287018795,
                46.83560999419158
              ]
            ]
          ]
        ]
      }
    },
    {
      "type": "Feature",
      "properties": {
        "NAME": "Ottoman Empire",
        "ABBREVN": "Ottoman Emp.",
        "SUBJECTO": "Ottoman Empire",
        "BORDERPRECISION": 1,
        "PARTOF": "Ottoman Empire",
        "wikipedia": null
      },
      "geometry": {
        "type": "MultiPolygon",
        "coordinates": [
          [
            [
              [
                25.386239875166982,
                36.319185450416924
              ],
              [
                25.31781985085383,
                36.39877419215787
              ],
              [
                25.3330243007012,
                36.45994089964729
              ],
              [
                25.37103542531962,
                36.49661778527289
              ],
              [
                25.492671024098556,
                36.42324665835019
              ],
              [
                25.492671024098556,
                36.331435169041356
              ],
              [
                25.386239875166982,
                36.319185450416924
              ]
            ]
          ],
          [
            [
              [
                25.834771145664316,
                36.78331883149609
              ],
              [
                25.751146671503797,
                36.78331883149609
              ],
              [
                25.751146671503797,
                36.81375611186905
              ],
              [
                25.857577820435367,
                36.83809722624421
              ],
              [
                25.94880451951957,
                36.91107409621058
              ],
              [
                26.024826768756405,
                36.95968659606273
              ],
              [
                26.085644568145874,
                36.89891612690345
              ],
              [
                25.956406744443257,
                36.84418129487496
              ],
              [
                25.834771145664316,
                36.78331883149609
              ]
            ]
          ],
          [
            [
              [
                24.588006258180208,
                36.86851272864293
              ],
              [
                24.67923295726441,
                36.75896029963509
              ],
              [
                24.46637065940127,
                36.649251177336765
              ],
              [
                24.29912171108023,
                36.75286945753905
              ],
              [
                24.42835953478285,
                36.79549519508755
              ],
              [
                24.588006258180208,
                36.86851272864293
              ]
            ]
          ],
          [
            [
              [
                24.876890805280183,
                36.679741640978875
              ],
              [
                24.97571972928807,
                36.637051610171376
              ],
              [
                24.94531082959334,
                36.56991946228899
              ],
              [
                24.8236752308144,
                36.637051610171376
              ],
              [
                24.8236752308144,
                36.661448812220584
              ],
              [
                24.876890805280183,
                36.679741640978875
              ]
            ]
          ],
          [
            [
              [
                25.16577535238016,
                36.74068632260297
              ],
              [
                25.196184252074893,
                36.673644514576154
              ],
              [
                25.10495755299069,
                36.637051610171376
              ],
              [
                25.05934420344859,
                36.618748636935905
              ],
              [
                25.044139753601222,
                36.661448812220584
              ],
              [
                25.16577535238016,
                36.74068632260297
              ]
            ]
          ],
          [
            [
              [
                25.29501317608278,
                36.807669623462985
              ],
              [
                25.431853224709084,
                36.6980301207178
              ],
              [
                25.386239875166982,
                36.637051610171376
              ],
              [
                25.26460427638805,
                36.704125314038706
              ],
              [
                25.241797601616994,
                36.75286945753905
              ],
              [
                25.249399826540678,
                36.75896029963509
              ],
              [
                25.29501317608278,
                36.807669623462985
              ]
            ]
          ],
          [
            [
              [
                24.534790683714423,
                37.11746294371295
              ],
              [
                24.44356398463022,
                37.0992747162255
              ],
              [
                24.42835953478285,
                37.20833853996449
              ],
              [
                24.534790683714423,
                37.11746294371295
              ]
            ]
          ],
          [
            [
              [
                24.261110586461815,
                37.540613155635555
              ],
              [
                24.29912171108023,
                37.66107502189996
              ],
              [
                24.39795063508812,
                37.667092994189616
              ],
              [
                24.382746185240748,
                37.570746906161986
              ],
              [
                24.261110586461815,
                37.540613155635555
              ]
            ]
          ],
          [
            [
              [
                24.3599395104697,
                37.39580161737422
              ],
              [
                24.39795063508812,
                37.46824245164144
              ],
              [
                24.48917733417232,
                37.39580161737422
              ],
              [
                24.3599395104697,
                37.30515202694268
              ],
              [
                24.3599395104697,
                37.39580161737422
              ]
            ]
          ],
          [
            [
              [
                25.044139753601222,
                37.377680456560746
              ],
              [
                24.84648190558545,
                37.36559724964213
              ],
              [
                24.861686355432816,
                37.52855624381453
              ],
              [
                24.94531082959334,
                37.51046722146939
              ],
              [
                25.044139753601222,
                37.377680456560746
              ]
            ]
          ],
          [
            [
              [
                24.922504154822285,
                37.69116000393879
              ],
              [
                24.65642628249336,
                37.901413077728705
              ],
              [
                24.76285743142493,
                38.003319956303606
              ],
              [
                25.27220650131173,
                37.56472113091166
              ],
              [
                25.469864349327505,
                37.43806729073237
              ],
              [
                25.31781985085383,
                37.40184103098311
              ],
              [
                24.922504154822285,
                37.69116000393879
              ]
            ]
          ],
          [
            [
              [
                24.648824057569676,
                37.014338584785854
              ],
              [
                24.71724408188283,
                37.050751425742014
              ],
              [
                24.78566410619598,
                36.947536378182036
              ],
              [
                24.67923295726441,
                36.90499535372954
              ],
              [
                24.648824057569676,
                37.014338584785854
              ]
            ]
          ],
          [
            [
              [
                25.15057090253279,
                37.17200141281893
              ],
              [
                25.31021762593015,
                37.19622810717101
              ],
              [
                25.31021762593015,
                37.00219709179456
              ],
              [
                25.112559777914374,
                36.94146054239683
              ],
              [
                24.937708604669652,
                36.95968659606273
              ],
              [
                25.15057090253279,
                37.17200141281893
              ]
            ]
          ],
          [
            [
              [
                25.36343320039593,
                37.00826808071462
              ],
              [
                25.34062652562488,
                37.087146804747654
              ],
              [
                25.378637650243302,
                37.11746294371295
              ],
              [
                25.538284373640657,
                37.220447029530426
              ],
              [
                25.60670439795381,
                37.12352471549815
              ],
              [
                25.599102173030126,
                37.026478138264174
              ],
              [
                25.545886598564337,
                36.95968659606273
              ],
              [
                25.454659899480134,
                36.9232301280182
              ],
              [
                25.36343320039593,
                37.00826808071462
              ]
            ]
          ],
          [
            [
              [
                23.660534817490806,
                38.40357465937644
              ],
              [
                23.59971701810134,
                38.45717244335585
              ],
              [
                23.63772814271976,
                38.52262680680808
              ],
              [
                23.462876969475033,
                38.62366656002873
              ],
              [
                23.120776847909273,
                38.86676557896794
              ],
              [
                22.869903425427715,
                38.83716368115139
              ],
              [
                23.014345698977706,
                38.961408842619434
              ],
              [
                23.242412446688213,
                39.04411813294447
              ],
              [
                23.409661395009252,
                38.943672845059965
              ],
              [
                23.78977264119343,
                38.71863293758614
              ],
              [
                24.131872762759194,
                38.65335708482884
              ],
              [
                24.207895011996026,
                38.5523591317064
              ],
              [
                24.291519486156545,
                38.19476089687233
              ],
              [
                24.588006258180208,
                38.15292605377605
              ],
              [
                24.527188458790736,
                37.967368965721576
              ],
              [
                24.3143261609276,
                37.98534666287396
              ],
              [
                24.192690562148663,
                38.15292605377605
              ],
              [
                24.02544161382762,
                38.38569989188942
              ],
              [
                23.660534817490806,
                38.40357465937644
              ]
            ]
          ],
          [
            [
              [
                27.788883000000112,
                36.251656
              ],
              [
                27.803055,
                36.268326
              ],
              [
                27.805832,
                36.27055400000012
              ],
              [
                27.876106,
                36.31971
              ],
              [
                27.895828,
                36.332222
              ],
              [
                27.909161,
                36.339722
              ],
              [
                28.068333,
                36.404999
              ],
              [
                28.107494,
                36.41861
              ],
              [
                28.207222000000115,
                36.44249
              ],
              [
                28.210831,
                36.452492
              ],
              [
                28.212772,
                36.455544000000145
              ],
              [
                28.215832,
                36.45776400000011
              ],
              [
                28.219166,
                36.456940000000145
              ],
              [
                28.225826,
                36.453049
              ],
              [
                28.233887,
                36.441376
              ],
              [
                28.238049,
                36.431107
              ],
              [
                28.206944,
                36.343597
              ],
              [
                28.186939,
                36.299988
              ],
              [
                28.141388,
                36.210541
              ],
              [
                28.122772,
                36.185822000000144
              ],
              [
                28.063606,
                36.111931
              ],
              [
                28.009163,
                36.068886
              ],
              [
                27.95666100000011,
                36.044991
              ],
              [
                27.945827,
                36.03471400000012
              ],
              [
                27.931664,
                36.0186
              ],
              [
                27.906109,
                35.988052
              ],
              [
                27.898888000000113,
                35.975555
              ],
              [
                27.89277600000014,
                35.960831
              ],
              [
                27.865555,
                35.93222
              ],
              [
                27.842777000000126,
                35.91360500000013
              ],
              [
                27.839443,
                35.911659
              ],
              [
                27.799721,
                35.893326
              ],
              [
                27.786663,
                35.890549
              ],
              [
                27.781387,
                35.890274
              ],
              [
                27.768608,
                35.893608
              ],
              [
                27.733055,
                35.91111
              ],
              [
                27.730274,
                35.91333
              ],
              [
                27.728611,
                35.916664
              ],
              [
                27.722221,
                35.929718
              ],
              [
                27.719166,
                35.94082600000013
              ],
              [
                27.72138600000011,
                35.94944
              ],
              [
                27.730831000000137,
                35.978882
              ],
              [
                27.740829000000133,
                36.10443900000013
              ],
              [
                27.719719,
                36.1661
              ],
              [
                27.788883000000112,
                36.251656
              ]
            ]
          ],
          [
            [
              [
                27.049995,
                36.949158000000125
              ],
              [
                27.049438,
                36.946106
              ],
              [
                27.04583,
                36.944153
              ],
              [
                26.975552,
                36.924431
              ],
              [
                26.969719,
                36.924431
              ],
              [
                26.946384000000137,
                36.928055
              ],
              [
                26.935555000000136,
                36.932213
              ],
              [
                26.919167,
                36.946663
              ],
              [
                26.881943,
                37.068886
              ],
              [
                26.886662,
                37.073318
              ],
              [
                26.890831,
                37.076378
              ],
              [
                26.960548,
                37.056107
              ],
              [
                26.985828,
                37.044167
              ],
              [
                27.04832800000014,
                36.993607
              ],
              [
                27.049995,
                36.990555
              ],
              [
                27.049995,
                36.949158000000125
              ]
            ]
          ],
          [
            [
              [
                35.22052672824023,
                36.388003908113284
              ],
              [
                35.07137206515429,
                36.487708650544924
              ],
              [
                34.869910273162105,
                36.576922975496096
              ],
              [
                34.662383112517574,
                36.64777334781055
              ],
              [
                34.48512938937304,
                36.626781068757815
              ],
              [
                34.103220972624996,
                36.38032492251758
              ],
              [
                33.95171264132617,
                36.25157888980274
              ],
              [
                33.95405486544726,
                36.15975912661914
              ],
              [
                33.89098266085742,
                36.13877447696094
              ],
              [
                33.8358755441582,
                36.107295595125
              ],
              [
                33.83369735201953,
                36.07057150454883
              ],
              [
                33.753176722136715,
                36.14664038272266
              ],
              [
                33.481699976531246,
                36.05428274722461
              ],
              [
                33.171336207,
                35.97088202090625
              ],
              [
                32.904116663542965,
                35.976695619539065
              ],
              [
                32.64034179171679,
                36.007999025300784
              ],
              [
                32.33497909030078,
                36.128367982820315
              ],
              [
                31.902007135955078,
                36.496863923982424
              ],
              [
                31.37069037875293,
                36.712344728425784
              ],
              [
                30.90531066378711,
                36.79421576114063
              ],
              [
                30.59359076937793,
                36.76173361392383
              ],
              [
                30.540066752043945,
                36.64696081729297
              ],
              [
                30.496651682463867,
                36.37298163028125
              ],
              [
                30.472832712737304,
                36.18825491519336
              ],
              [
                30.394862207976562,
                36.118045412019534
              ],
              [
                30.279892954436523,
                36.1178050860918
              ],
              [
                30.166131052581054,
                36.18761786075
              ],
              [
                29.661955866423828,
                36.078345857576174
              ],
              [
                29.471932444182617,
                36.090694032625
              ],
              [
                29.29818824252246,
                36.17311819644336
              ],
              [
                29.002251658049804,
                36.69479712100391
              ],
              [
                28.81352714022754,
                36.53515585513477
              ],
              [
                28.46984580477832,
                36.73830755801563
              ],
              [
                28.266922983733398,
                36.7124095782793
              ],
              [
                28.014189753142578,
                36.527164064363284
              ],
              [
                27.91190246066211,
                36.69894369693164
              ],
              [
                27.941855463591796,
                36.75633963199024
              ],
              [
                28.051039728728515,
                36.8330150470293
              ],
              [
                27.998808893767578,
                36.909366212800784
              ],
              [
                27.55347732028125,
                36.91482504458789
              ],
              [
                27.30811027011035,
                36.92070730777149
              ],
              [
                27.268630060759765,
                37.04168280215625
              ],
              [
                27.52563956698535,
                37.131412111238284
              ],
              [
                27.49252418002246,
                37.23967321963672
              ],
              [
                27.364632639495117,
                37.328631959871096
              ],
              [
                27.160407099333984,
                37.36008032412891
              ],
              [
                27.12256148776172,
                37.49385031314258
              ],
              [
                27.141085657683593,
                37.64686544986133
              ],
              [
                27.179783854094726,
                37.77442892642383
              ],
              [
                27.13977340182422,
                37.88909109683399
              ],
              [
                26.961377176848632,
                37.94610556216602
              ],
              [
                26.67933181246875,
                38.104938112214846
              ],
              [
                26.51232055148242,
                38.066348634675784
              ],
              [
                26.393214258757812,
                38.10436209292774
              ],
              [
                26.39159873446582,
                38.219127260164065
              ],
              [
                26.468710932341796,
                38.44475897403125
              ],
              [
                26.527411493865234,
                38.41824301333789
              ],
              [
                26.742451700774414,
                38.27838858218555
              ],
              [
                26.997431788054687,
                38.40005835147266
              ],
              [
                26.819674524871093,
                38.52725180240039
              ],
              [
                26.828822168914062,
                38.58296164126758
              ],
              [
                26.69569686373828,
                38.640765748933596
              ],
              [
                26.709471735564453,
                38.69857367129688
              ],
              [
                26.9663801523125,
                38.76993139834766
              ],
              [
                27.034913096038085,
                38.82109793277149
              ],
              [
                27.004220041838867,
                38.88482626529102
              ],
              [
                26.936802897063476,
                38.924563966707034
              ],
              [
                26.78533652743457,
                38.94033392520313
              ],
              [
                26.78984740695117,
                39.024425111726565
              ],
              [
                26.87075141390918,
                39.05596884341602
              ],
              [
                26.797139200774414,
                39.12955816836719
              ],
              [
                26.70794394930957,
                39.18212851138477
              ],
              [
                26.704054865447265,
                39.250472627595705
              ],
              [
                26.602242502776367,
                39.25572928042774
              ],
              [
                26.7201586099541,
                39.33724936099414
              ],
              [
                26.85351279696582,
                39.46076925845508
              ],
              [
                26.92615226229785,
                39.476546846345705
              ],
              [
                26.957518610564453,
                39.54832800479297
              ],
              [
                26.8042650552666,
                39.56715353579883
              ],
              [
                26.546177897063476,
                39.51334723086719
              ],
              [
                26.138976130095703,
                39.43973883242969
              ],
              [
                26.06405738314746,
                39.45551260562305
              ],
              [
                26.084887537566406,
                39.604007326082034
              ],
              [
                26.14190391024707,
                39.66058310122852
              ],
              [
                26.140706095305664,
                39.74998053164844
              ],
              [
                26.127575907317382,
                39.878558717683596
              ],
              [
                26.186009440032226,
                39.997195802644534
              ],
              [
                26.320334467498046,
                39.99192389102344
              ],
              [
                26.40305236300586,
                40.176490388826174
              ],
              [
                26.481711420623046,
                40.18703802676563
              ],
              [
                26.76528266390918,
                40.37694128604297
              ],
              [
                26.996474299041015,
                40.371661745027346
              ],
              [
                27.056124720183593,
                40.4296947345293
              ],
              [
                27.271754297820312,
                40.450809083894534
              ],
              [
                27.32923415621875,
                40.35583456607227
              ],
              [
                27.449610743132812,
                40.30979498477344
              ],
              [
                27.525994333831054,
                40.297137819246096
              ],
              [
                27.76389411410449,
                40.28725393863086
              ],
              [
                27.830164942351562,
                40.34528311343555
              ],
              [
                27.79984382113574,
                40.40331991763477
              ],
              [
                27.679287943450195,
                40.46135290713672
              ],
              [
                27.80783179720996,
                40.50357016177539
              ],
              [
                27.953805002776367,
                40.48773916812305
              ],
              [
                28.00645926913379,
                40.450809083894534
              ],
              [
                27.908217463103515,
                40.35055502505664
              ],
              [
                28.00399116000293,
                40.36212881656055
              ],
              [
                28.47771933993457,
                40.39510305972461
              ],
              [
                28.75644019564746,
                40.37645300479297
              ],
              [
                28.926756891814453,
                40.35583456607227
              ],
              [
                29.052424463835937,
                40.33473166079883
              ],
              [
                29.122286829558593,
                40.41387137027149
              ],
              [
                29.08352759799121,
                40.45607718081836
              ],
              [
                28.873215708342773,
                40.471908174470705
              ],
              [
                28.77795890292285,
                40.524676881746096
              ],
              [
                28.90162185153125,
                40.62010534854297
              ],
              [
                29.52519706210254,
                40.68828924746875
              ],
              [
                29.713147196379882,
                40.693561159089846
              ],
              [
                29.882718119231445,
                40.746356569246096
              ],
              [
                29.683445963469726,
                40.75163611026172
              ],
              [
                29.41717246493457,
                40.741073213533205
              ],
              [
                29.320355448333007,
                40.741073213533205
              ],
              [
                29.28964332064746,
                40.806686006501955
              ],
              [
                29.014533075896484,
                40.97867163272266
              ],
              [
                29.161208185759765,
                41.21636541934375
              ],
              [
                29.577780756560546,
                41.153365694001955
              ],
              [
                30.13762381991504,
                41.13183554263477
              ],
              [
                30.25608733615039,
                41.18466528506641
              ],
              [
                30.744805368987304,
                41.04032476992969
              ],
              [
                31.21768287142871,
                41.05409201236133
              ],
              [
                31.404126200286132,
                41.16353949160938
              ],
              [
                31.385666880217773,
                41.2850414142168
              ],
              [
                31.666388544646484,
                41.394813142732424
              ],
              [
                31.871287378875,
                41.49144323916797
              ],
              [
                32.418982538787105,
                41.74916800113086
              ],
              [
                32.68791106661914,
                41.84597357364063
              ],
              [
                33.15546325167773,
                41.94960745425586
              ],
              [
                33.55554107150195,
                41.982501588777346
              ],
              [
                33.8966551156914,
                41.95108374209766
              ],
              [
                34.30390075167773,
                41.89411886783008
              ],
              [
                34.66290954074023,
                41.87558325381641
              ],
              [
                35.001868280974605,
                42.043162904695315
              ],
              [
                35.09883025607226,
                41.80586203189258
              ],
              [
                35.286074671355465,
                41.67147787661914
              ],
              [
                35.4114370675957,
                41.626815401033205
              ],
              [
                35.67785552462695,
                41.62093313784961
              ],
              [
                35.957793268767574,
                41.685645662263674
              ],
              [
                36.16136840304492,
                41.35250052066211
              ],
              [
                36.38289550265429,
                41.23751791568164
              ],
              [
                36.641245874968746,
                41.31498297305469
              ],
              [
                36.81701186617968,
                41.289683900789065
              ],
              [
                37.25282576998828,
                41.027721010164065
              ],
              [
                37.821841272917965,
                41.00963171573047
              ],
              [
                38.31396392306445,
                40.920901857332034
              ],
              [
                38.6511831613457,
                40.92156942935352
              ],
              [
                39.13864425143359,
                41.0443187579668
              ],
              [
                39.3701773019707,
                41.06399878116016
              ],
              [
                39.66300490817187,
                41.0004955157793
              ],
              [
                40.00671294650195,
                40.95632895083789
              ],
              [
                40.36101439913867,
                40.963443361238284
              ],
              [
                40.609892878142574,
                41.028026185945315
              ],
              [
                41.29311660250781,
                41.28582342715625
              ],
              [
                41.48396209200976,
                41.436542116121096
              ],
              [
                41.2117525587671,
                40.243789637618185
              ],
              [
                39.14792154008981,
                38.622208122943185
              ],
              [
                38.609688547521756,
                38.36804254311937
              ],
              [
                36.49442451607618,
                37.369167861603394
              ],
              [
                36.78925751874435,
                37.00062660826817
              ],
              [
                35.89087584933398,
                36.7711139545
              ],
              [
                35.67174056491015,
                36.605784975007815
              ],
              [
                35.56761458834765,
                36.58741720767383
              ],
              [
                35.50617125949023,
                36.55855520816211
              ],
              [
                35.54760268649218,
                36.54018362613086
              ],
              [
                35.49458983859179,
                36.443099580720705
              ],
              [
                35.417082819548824,
                36.43260534854297
              ],
              [
                35.38869765719531,
                36.45359381289844
              ],
              [
                35.35417846163867,
                36.41423758120899
              ],
              [
                35.22052672824023,
                36.388003908113284
              ]
            ]
          ],
          [
            [
              [
                17.30407422969127,
                43.07620747861257
              ],
              [
                17.32624163546834,
                43.33677334064347
              ],
              [
                17.163159587279704,
                43.39113402337301
              ],
              [
                17.054438221820618,
                43.472675047467334
              ],
              [
                16.992262873259765,
                43.32271536441211
              ],
              [
                16.639813456145507,
                43.38973578067188
              ],
              [
                16.711520227996093,
                43.77132757754688
              ],
              [
                16.701476130095703,
                43.84666021914844
              ],
              [
                16.86510097716965,
                44.24473664154886
              ],
              [
                17.45754283464384,
                44.14599633196983
              ],
              [
                17.753763763380935,
                44.39284710591741
              ],
              [
                18.93864747832931,
                44.39284710591741
              ],
              [
                19.785081820576952,
                44.93614220618158
              ],
              [
                20.29067094393689,
                44.89965639315561
              ],
              [
                20.80078338838403,
                44.931538420933556
              ],
              [
                23.542637777287393,
                45.856117226493986
              ],
              [
                24.180278332846314,
                45.856117226493986
              ],
              [
                26.539548388414325,
                45.250358698713015
              ],
              [
                28.368347043126835,
                45.33088004691821
              ],
              [
                30.88622493739214,
                47.453796702867386
              ],
              [
                31.95127013644336,
                46.864627443269534
              ],
              [
                31.781046900359375,
                46.701861940339846
              ],
              [
                31.537734064666015,
                46.70138128848438
              ],
              [
                31.087231669036132,
                46.635535798982424
              ],
              [
                30.83285621127246,
                46.57659109683399
              ],
              [
                30.520461115447265,
                46.251407228425784
              ],
              [
                30.43284740345622,
                46.17574956961106
              ],
              [
                30.068821940032226,
                45.861400209382815
              ],
              [
                29.729748758879882,
                45.76999243350391
              ],
              [
                29.629511866179687,
                45.75035818667774
              ],
              [
                29.50043014010547,
                45.52336844058399
              ],
              [
                29.536093744841796,
                45.45219763369922
              ],
              [
                29.615916285125,
                45.41020544619922
              ],
              [
                29.68321135958789,
                45.37478979678516
              ],
              [
                29.7107649179375,
                45.25833471866016
              ],
              [
                29.578961405364257,
                45.0575023517168
              ],
              [
                29.45752242526172,
                44.91514929385547
              ],
              [
                29.261582407561523,
                44.895423494294924
              ],
              [
                29.089749369231445,
                44.87573202700977
              ],
              [
                28.91823676547168,
                44.765750490144534
              ],
              [
                28.686247858611328,
                44.48805197329883
              ],
              [
                28.573113474456054,
                44.19782217593555
              ],
              [
                28.52988532504199,
                43.84347113223438
              ],
              [
                28.510106119719726,
                43.74307592959766
              ],
              [
                28.480538401213867,
                43.59228476138477
              ],
              [
                28.445693049041015,
                43.476363740876955
              ],
              [
                28.32809546908496,
                43.43752630801563
              ],
              [
                28.187058481780273,
                43.450118623689455
              ],
              [
                28.03463843783496,
                43.39190252871875
              ],
              [
                27.88732055148242,
                43.06352575869922
              ],
              [
                27.869908365813476,
                42.799876771882815
              ],
              [
                27.836163553801757,
                42.73552282901172
              ],
              [
                27.65404418429492,
                42.68373831363086
              ],
              [
                27.50195029696582,
                42.51634558291797
              ],
              [
                27.494702372161132,
                42.40090139956836
              ],
              [
                27.607871088591796,
                42.41677816958789
              ],
              [
                27.722533259001953,
                42.31621512027149
              ],
              [
                27.73771003207324,
                42.24700125308399
              ],
              [
                27.913407358733398,
                42.078101716951174
              ],
              [
                27.91795257052539,
                41.977672182039065
              ],
              [
                28.02620223483203,
                41.88238485904102
              ],
              [
                28.01817801913379,
                41.75320776553516
              ],
              [
                28.069838556853515,
                41.62496908755664
              ],
              [
                28.104397806731445,
                41.59297140689258
              ],
              [
                28.37145713290332,
                41.43312796206836
              ],
              [
                28.740222010222656,
                41.32482870669727
              ],
              [
                29.01236823519824,
                41.254832826570315
              ],
              [
                29.08109954318164,
                41.200511537507815
              ],
              [
                28.96445373019336,
                40.98923834414844
              ],
              [
                28.827807459441406,
                40.91469915957813
              ],
              [
                28.596150431243164,
                40.94698675723438
              ],
              [
                28.173314127532226,
                41.05789526553516
              ],
              [
                28.026368174163085,
                41.02620657534961
              ],
              [
                27.932183298674804,
                40.95754965396289
              ],
              [
                27.474169764128906,
                40.962833009675784
              ],
              [
                27.31304648837207,
                40.789912782625
              ],
              [
                27.26375678500293,
                40.66717108340625
              ],
              [
                26.88892653903125,
                40.524676881746096
              ],
              [
                26.613572153655273,
                40.39804037661914
              ],
              [
                26.51393989047168,
                40.28197439761524
              ],
              [
                26.375863108245117,
                40.21340902896289
              ],
              [
                26.25515845736621,
                40.081561647371096
              ],
              [
                26.140885386077148,
                40.044654451326174
              ],
              [
                26.214289698210937,
                40.16066702456836
              ],
              [
                26.22279647311328,
                40.223956666902346
              ],
              [
                26.19482139071582,
                40.30307348819141
              ],
              [
                26.457545313445312,
                40.434974275544924
              ],
              [
                26.556477579680664,
                40.49829062075977
              ],
              [
                26.45483878573535,
                40.584308229402346
              ],
              [
                26.41806128939746,
                40.577823244050784
              ],
              [
                26.12404159030078,
                40.602847658113284
              ],
              [
                26.020724329558593,
                40.669322572664065
              ],
              [
                25.992875132170898,
                40.85245855899219
              ],
              [
                25.63570502719043,
                40.87737616153125
              ],
              [
                25.301114115325195,
                40.89594229312305
              ],
              [
                25.04631713351367,
                40.952273927644534
              ],
              [
                25.018929514495117,
                41.01714666934375
              ],
              [
                24.812115702239257,
                40.933421693757815
              ],
              [
                24.700663599578125,
                40.878341279939455
              ],
              [
                24.51912787875293,
                40.873065553621096
              ],
              [
                24.504952463713867,
                40.98406942935352
              ],
              [
                24.354302439299804,
                40.97096212954883
              ],
              [
                24.21905806979297,
                40.82968481631641
              ],
              [
                24.025155100432617,
                40.74636038394336
              ],
              [
                23.885952982512695,
                40.732894502595705
              ],
              [
                23.748394999114257,
                40.80443152041797
              ],
              [
                23.634697947112304,
                40.77275427432422
              ],
              [
                23.632977518645507,
                40.71316870303516
              ],
              [
                23.7090559335625,
                40.63003500552539
              ],
              [
                23.78517440280078,
                40.477191530183596
              ],
              [
                23.92370322665332,
                40.450809083894534
              ],
              [
                24.29535201510547,
                40.176490388826174
              ],
              [
                24.220635447112304,
                40.144847475007815
              ],
              [
                24.054778132048828,
                40.260882936433596
              ],
              [
                24.047778162566406,
                40.3083568439043
              ],
              [
                23.923533472625,
                40.34528311343555
              ],
              [
                23.774773630706054,
                40.392764650300784
              ],
              [
                23.722168955413085,
                40.348243318513674
              ],
              [
                23.62723449191211,
                40.34528311343555
              ],
              [
                23.658801111785156,
                40.28726156802539
              ],
              [
                23.651745829192382,
                40.22922857852344
              ],
              [
                23.803664240447265,
                40.15539129825
              ],
              [
                23.868659052458984,
                40.16067465396289
              ],
              [
                23.9201097818291,
                40.05519827456836
              ],
              [
                23.906617197600585,
                39.997195802644534
              ],
              [
                23.796032938567382,
                39.986651979402346
              ],
              [
                23.595772776213867,
                40.19231756778125
              ],
              [
                23.442486795989257,
                40.25560721011524
              ],
              [
                23.34907821139453,
                40.2819782123125
              ],
              [
                23.291760477629882,
                40.28726156802539
              ],
              [
                23.293139490691406,
                40.24505575747852
              ],
              [
                23.259058985320312,
                40.22922857852344
              ],
              [
                23.32103446444629,
                40.15539129825
              ],
              [
                23.36683944186328,
                40.107928834871096
              ],
              [
                23.4364672037041,
                40.044654451326174
              ],
              [
                23.523348841277343,
                40.018287263826174
              ],
              [
                23.592185053435546,
                40.00246389956836
              ],
              [
                23.638585123625976,
                39.96034201236133
              ],
              [
                23.596890482512695,
                39.93405493350391
              ],
              [
                23.37439254244922,
                39.955089174226565
              ],
              [
                23.260525736418945,
                39.970870576814455
              ],
              [
                23.27630904635547,
                40.04992254825
              ],
              [
                23.214777979460937,
                40.181766115144534
              ],
              [
                23.141140970793945,
                40.26615484805469
              ],
              [
                22.960160288420898,
                40.314708314851565
              ],
              [
                22.748055491057617,
                40.482467256501955
              ],
              [
                22.86390212496875,
                40.535228334382815
              ],
              [
                22.875462565032226,
                40.596324525789065
              ],
              [
                22.85194686373828,
                40.65133627505664
              ],
              [
                22.769967112151367,
                40.66717108340625
              ],
              [
                22.701254877654296,
                40.57744940371875
              ],
              [
                22.492066416350585,
                40.49829062075977
              ],
              [
                22.60226539095996,
                40.39723929019336
              ],
              [
                22.489617380706054,
                40.23052557559375
              ],
              [
                22.467362436858398,
                40.118480287507815
              ],
              [
                22.52561286410449,
                40.064166627839846
              ],
              [
                22.555129084197265,
                39.986651979402346
              ],
              [
                22.695097956267578,
                39.834483705476565
              ],
              [
                22.75447371920703,
                39.81834753604297
              ],
              [
                22.813431772795898,
                39.602740846589846
              ],
              [
                23.07416823825,
                39.41345175357227
              ],
              [
                23.236084971038085,
                39.20315893741016
              ],
              [
                23.15849975070117,
                39.140079103425784
              ],
              [
                23.05191710909961,
                39.10328634829883
              ],
              [
                23.099806818572265,
                39.1873851642168
              ],
              [
                23.045252832976562,
                39.27149923892383
              ],
              [
                22.98130134066699,
                39.329330049470705
              ],
              [
                22.918986353484375,
                39.345103822664065
              ],
              [
                22.85085395297168,
                39.36613043399219
              ],
              [
                22.720257792083007,
                39.287269197419924
              ],
              [
                22.766058954802734,
                39.20278891177539
              ],
              [
                22.83488372286914,
                39.16636236758594
              ],
              [
                22.871062311736328,
                39.02434881778125
              ],
              [
                22.784213099089843,
                38.94033392520313
              ],
              [
                22.490498575774414,
                38.87685354800586
              ],
              [
                22.60231307467578,
                38.856238923982424
              ],
              [
                22.723288569060546,
                38.793170534089846
              ],
              [
                22.899373087493164,
                38.766891084626955
              ],
              [
                22.98423102816699,
                38.66704138369922
              ],
              [
                23.099801096526367,
                38.67229803653125
              ],
              [
                23.16949180087207,
                38.66704138369922
              ],
              [
                23.190995249358398,
                38.61034353824024
              ],
              [
                23.356156382170898,
                38.48950155825977
              ],
              [
                23.493844065276367,
                38.483131013826174
              ],
              [
                23.555766138640625,
                38.351764284089846
              ],
              [
                23.682751688567382,
                38.34651144595508
              ],
              [
                23.803948435393554,
                38.34651144595508
              ],
              [
                23.96074393710254,
                38.20991476626758
              ],
              [
                23.966990503875,
                38.15213354678516
              ],
              [
                23.880024942961914,
                38.11535605044727
              ],
              [
                23.987299952117187,
                37.76342733950977
              ],
              [
                23.918181452361328,
                37.684642396882815
              ],
              [
                23.83551314791797,
                37.684642396882815
              ],
              [
                23.733683619109375,
                37.85785635562305
              ],
              [
                23.634148630706054,
                37.878978334382815
              ],
              [
                23.5407152505791,
                38.004100404695315
              ],
              [
                23.495701822844726,
                38.06807669253711
              ],
              [
                23.419257196990234,
                38.06807669253711
              ],
              [
                23.195841822234375,
                38.00503882022266
              ],
              [
                22.98061469515918,
                37.957767091707034
              ],
              [
                22.898057016936523,
                37.89998968692188
              ],
              [
                23.03996756991504,
                37.85796698184375
              ],
              [
                23.045392069426757,
                37.773578248933596
              ],
              [
                23.048874888030273,
                37.64263113589649
              ],
              [
                23.151383432952148,
                37.59012182803516
              ],
              [
                23.220547709075195,
                37.601825319246096
              ],
              [
                23.32170775851367,
                37.63738211245899
              ],
              [
                23.312159571257812,
                37.548106752351565
              ],
              [
                23.418124231902343,
                37.46934088321094
              ],
              [
                23.184979471770507,
                37.42733343692188
              ],
              [
                23.185792002288085,
                37.374827943757815
              ],
              [
                23.109564814177734,
                37.34664114566211
              ],
              [
                22.970976862517578,
                37.38532217593555
              ],
              [
                23.025345835295898,
                37.479842744783205
              ],
              [
                22.94206908663867,
                37.518390260652346
              ],
              [
                22.713290247527343,
                37.543433748201174
              ],
              [
                22.64231780490039,
                37.58486517520313
              ],
              [
                22.638745340911132,
                37.492286287263674
              ],
              [
                22.726239237395507,
                37.28850897403125
              ],
              [
                22.813349756804687,
                37.212054811433596
              ],
              [
                22.79310897311328,
                37.1385570392168
              ],
              [
                22.886887583342773,
                37.04668005557422
              ],
              [
                22.982552561370117,
                36.6147533282793
              ],
              [
                22.67355445345996,
                36.754283510164065
              ],
              [
                22.524447474089843,
                36.722125612214846
              ],
              [
                22.39029601534961,
                36.524371705964846
              ],
              [
                22.191407236663085,
                36.855235658601565
              ],
              [
                21.984171900359375,
                37.02048071475391
              ],
              [
                21.78091529330371,
                36.82254370303516
              ],
              [
                21.588168177214843,
                36.9814411029375
              ],
              [
                21.531443628875,
                37.11514624209766
              ],
              [
                21.626500162688476,
                37.30651815982227
              ],
              [
                21.613707575408203,
                37.41484793277149
              ],
              [
                21.517313990203125,
                37.53575857730274
              ],
              [
                21.296347651091796,
                37.72654303164844
              ],
              [
                21.221131357756835,
                37.82839544864063
              ],
              [
                21.22843078097461,
                37.90490683169727
              ],
              [
                21.440451654998046,
                38.179515443757815
              ],
              [
                21.714499506560546,
                38.135440431550784
              ],
              [
                21.90576652011035,
                38.26973684878711
              ],
              [
                21.99668792208789,
                38.25078161807422
              ],
              [
                22.747214350310546,
                37.95260580630664
              ],
              [
                22.898655924407226,
                37.9975543841875
              ],
              [
                23.116345438567382,
                38.157394014314455
              ],
              [
                22.99674323519824,
                38.17934378238086
              ],
              [
                22.875638041106445,
                38.204600892976565
              ],
              [
                22.333741221038085,
                38.426707826570315
              ],
              [
                21.826472315398437,
                38.46395834536914
              ],
              [
                21.66125777682422,
                38.43810995669727
              ],
              [
                21.364455256072265,
                38.412005983308596
              ],
              [
                21.172404322234375,
                38.34783896060352
              ],
              [
                20.771830591765625,
                38.85093268008594
              ],
              [
                20.892598185149414,
                38.895831666902346
              ],
              [
                21.00650886019824,
                38.87054403872852
              ],
              [
                21.104685816375,
                38.92177542300586
              ],
              [
                21.15951636752246,
                39.004825197175784
              ],
              [
                21.007184061614257,
                39.112987123445315
              ],
              [
                20.901148829070312,
                39.06173285098438
              ],
              [
                20.67775252780078,
                39.08042486758594
              ],
              [
                20.211808237639648,
                39.404925905183596
              ],
              [
                20.122382196990234,
                39.551009736970705
              ],
              [
                20.090828928557617,
                39.60253103824024
              ],
              [
                20.028559717742187,
                39.81378134341602
              ],
              [
                19.803648981658203,
                40.016963563875
              ],
              [
                19.369067225066406,
                40.26028021426563
              ],
              [
                19.38022521456836,
                40.32358130069141
              ],
              [
                19.483712229338867,
                40.29589041324024
              ],
              [
                19.49448302706836,
                40.4027171954668
              ],
              [
                19.33922294100879,
                40.58873709292774
              ],
              [
                19.527255091277343,
                40.865890108064455
              ],
              [
                19.445403132048828,
                40.96489676089649
              ],
              [
                19.529950174895507,
                41.21844442935352
              ],
              [
                19.416991266814453,
                41.345252595857424
              ],
              [
                19.498915705291015,
                41.52362021060352
              ],
              [
                19.619383844939453,
                41.559302888826174
              ],
              [
                19.60696509799121,
                41.761539064363284
              ],
              [
                19.457886728850585,
                41.79808386416797
              ],
              [
                19.36771300753711,
                41.84637030215625
              ],
              [
                19.338465723601562,
                41.86202200503711
              ],
              [
                19.14303687533496,
                41.93209036441211
              ],
              [
                19.135544809905273,
                41.99954184146289
              ],
              [
                18.909899744597656,
                42.217792116121096
              ],
              [
                18.52864364108203,
                42.35274466128711
              ],
              [
                18.51358893832324,
                42.362140260652346
              ],
              [
                18.248711618987304,
                42.52743872256641
              ],
              [
                18.001368555632812,
                42.69445761294727
              ],
              [
                17.64638045748828,
                42.864600740388674
              ],
              [
                17.59567931613086,
                42.888900361970705
              ],
              [
                17.547980341521484,
                42.92011984439258
              ],
              [
                17.30407422969127,
                43.07620747861257
              ]
            ]
          ],
          [
            [
              [
                26.91861,
                36.716103
              ],
              [
                26.917770000000132,
                36.755272
              ],
              [
                26.921944,
                36.761101
              ],
              [
                27.060833000000116,
                36.837212000000136
              ],
              [
                27.06415900000013,
                36.838875
              ],
              [
                27.152493000000106,
                36.881386
              ],
              [
                27.168053,
                36.887215
              ],
              [
                27.177498000000128,
                36.888878
              ],
              [
                27.284443,
                36.900551
              ],
              [
                27.340549000000124,
                36.885277
              ],
              [
                27.346661,
                36.881104
              ],
              [
                27.35277600000012,
                36.872208
              ],
              [
                27.355553,
                36.865273
              ],
              [
                27.35527,
                36.858887
              ],
              [
                27.344166,
                36.849442
              ],
              [
                27.329437,
                36.842766
              ],
              [
                27.302498,
                36.837494
              ],
              [
                27.27944200000013,
                36.83416
              ],
              [
                27.243332,
                36.826935
              ],
              [
                27.218327,
                36.8197100000001
              ],
              [
                27.03611,
                36.766106
              ],
              [
                27.028049,
                36.763611
              ],
              [
                26.992222,
                36.751389
              ],
              [
                26.980553,
                36.746941000000106
              ],
              [
                26.974159,
                36.742775
              ],
              [
                26.971943000000124,
                36.740273000000116
              ],
              [
                26.970551,
                36.736382
              ],
              [
                26.966389,
                36.703606
              ],
              [
                26.965832,
                36.681664
              ],
              [
                26.971386,
                36.672211
              ],
              [
                26.96666,
                36.672493000000145
              ],
              [
                26.953053,
                36.675278
              ],
              [
                26.946384000000137,
                36.679153
              ],
              [
                26.923054,
                36.7061
              ],
              [
                26.92083,
                36.708878
              ],
              [
                26.91861,
                36.716103
              ]
            ]
          ],
          [
            [
              [
                26.820553,
                37.11055
              ],
              [
                26.769444,
                37.169434
              ],
              [
                26.768330000000105,
                37.173325
              ],
              [
                26.76916100000011,
                37.176384
              ],
              [
                26.778049,
                37.187775
              ],
              [
                26.7808270000001,
                37.189995
              ],
              [
                26.785553,
                37.190819
              ],
              [
                26.820553,
                37.18721800000014
              ],
              [
                26.855,
                37.18277
              ],
              [
                26.85833,
                37.181107
              ],
              [
                26.860554,
                37.177216
              ],
              [
                26.87249800000012,
                37.150551
              ],
              [
                26.888882,
                37.1091540000001
              ],
              [
                26.889721,
                37.101662
              ],
              [
                26.889164,
                37.09861
              ],
              [
                26.886662,
                37.09665700000011
              ],
              [
                26.863888,
                37.095276
              ],
              [
                26.853886,
                37.09665700000011
              ],
              [
                26.849442,
                37.097771
              ],
              [
                26.820553,
                37.11055
              ]
            ]
          ],
          [
            [
              [
                25.789157796122215,
                36.40489303146257
              ],
              [
                25.872782270282734,
                36.35592882884054
              ],
              [
                25.76635112135116,
                36.33755930622052
              ],
              [
                25.713135546885383,
                36.34980613615219
              ],
              [
                25.73594222165643,
                36.38653506822634
              ],
              [
                25.789157796122215,
                36.40489303146257
              ]
            ]
          ]
        ]
      }
    }
  ]
}